USAF,WBAN,YR--MODAHRMN,DIR,SPD,GUS,CLG,SKC,L,M,H,VSB,MW,MW,MW,MW,AW,AW,AW,AW,W,TEMP,DEWP,SLP,ALT,STP,MAX,MIN,PCP01,PCP06,PCP24,PCPXX,SD
727930,24233,202001010000,190,18,***,***,OVC,*,*,*,8.8,61,**,**,**,**,**,**,**,*,50,46,1008.1,*****,991.2,50,47,*****,0.12,*****,*****,**
727930,24233,202001010029,190,15,26,8,***,*,*,*,3.0,61,**,**,**,61,10,**,**,*,49,47,******,29.75,991.8,***,***,0.07,*****,*****,*****,**
727930,24233,202001010053,170,18,26,8,***,*,*,*,6.0,61,**,**,**,61,10,**,**,*,49,46,1006.4,29.70,990.1,***,***,0.10,*****,*****,*****,**
727930,24233,202001010153,180,21,31,8,***,*,*,*,10.0,61,**,**,**,61,**,**,**,*,49,47,1005.9,29.69,989.8,***,***,0.02,*****,*****,*****,**
727930,24233,202001010253,190,23,34,6,***,*,*,*,6.0,61,**,**,**,61,10,**,**,*,50,48,1005.1,29.66,988.7,***,***,0.01,*****,*****,0.13,**
727930,24233,202001010353,210,17,30,5,***,*,*,*,10.0,61,**,**,**,61,**,**,**,*,50,48,1004.9,29.65,988.4,***,***,0.00T*****,*****,*****,**,
727930,24233,202001010453,200,16,29,6,***,*,*,*,10.0,61,**,**,**,61,**,**,**,*,51,49,1005.1,29.66,988.7,***,***,0.00T*****,*****,*****,**,
727930,24233,202001010553,210,16,28,8,***,*,*,*,10.0,**,**,**,**,**,**,**,**,*,53,50,1005.4,29.67,989.1,53,49,0.00,0.13,*****,*****,**
727930,24233,202001010600,210,16,***,***,OVC,*,*,*,10.0,**,**,**,**,**,**,**,**,*,53,50,1005.4,*****,988.6,53,47,*****,0.12,*****,*****,**
727930,24233,202001010619,220,15,25,10,***,*,*,*,10.0,**,**,**,**,**,**,**,**,*,53,50,******,29.67,989.1,***,***,*****,*****,*****,*****,**
727930,24233,202001010653,220,14,33,12,***,*,*,*,10.0,**,**,**,**,**,**,**,**,*,53,49,1005.2,29.66,988.7,***,***,0.00,*****,*****,*****,**
727930,24233,202001010753,220,18,31,13,***,*,*,*,10.0,**,**,**,**,**,**,**,**,*,53,49,1005.3,29.67,989.1,53,46,0.00,*****,*****,*****,**
727930,24233,202001010759,***,***,***,***,***,*,*,*,****,**,**,**,**,**,**,**,**,*,****,****,******,*****,******,53,46,*****,*****,0.26,*****,0
727930,24233,202001010759,***,***,***,***,***,*,*,*,****,**,**,**,**,**,**,**,**,*,****,****,******,*****,******,***,***,*****,*****,*****,*****,**
727930,24233,202001010812,210,17,29,15,***,*,*,*,10.0,**,**,**,**,**,**,**,**,*,53,48,******,29.66,988.7,***,***,*****,*****,*****,*****,**
727930,24233,202001010853,220,28,33,15,***,*,*,*,10.0,**,**,**,**,**,**,**,**,*,53,48,1005.1,29.66,988.7,***,***,0.00,*****,*****,*****,**
727930,24233,202001010953,220,17,28,15,***,*,*,*,10.0,**,**,**,**,**,**,**,**,*,52,47,1005.6,29.68,989.4,***,***,0.00,*****,*****,*****,**
727930,24233,202001011053,220,18,30,15,***,*,*,*,10.0,**,**,**,**,**,**,**,**,*,52,47,1005.1,29.66,988.7,***,***,0.00,*****,*****,*****,**
727930,24233,202001011153,220,14,25,15,***,*,*,*,10.0,**,**,**,**,**,**,**,**,*,51,46,1005.7,29.68,989.4,53,51,0.00,*****,0.25,*****,**
727930,24233,202001011200,220,14,***,***,BKN,*,*,*,10.0,**,**,**,**,**,**,**,**,*,51,46,1005.7,*****,988.9,53,49,*****,*****,0.25,*****,**
727930,24233,202001011253,230,15,25,15,***,*,*,*,10.0,**,**,**,**,**,**,**,**,*,51,46,1005.8,29.68,989.4,***,***,0.00,*****,*****,*****,**
727930,24233,202001011353,210,16,23,15,***,*,*,*,10.0,**,**,**,**,**,**,**,**,*,50,45,1006.2,29.69,989.8,***,***,0.00,*****,*****,*****,**
727930,24233,202001011431,990,10,20,160,***,*,*,*,10.0,**,**,**,**,**,**,**,**,*,51,45,******,29.71,990.4,***,***,*****,*****,*****,*****,**
727930,24233,202001011453,240,13,21,70,***,*,*,*,10.0,**,**,**,**,**,**,**,**,*,51,44,1007.0,29.72,990.8,***,***,0.00,*****,*****,*****,**
727930,24233,202001011545,240,8,***,16,***,*,*,*,10.0,**,**,**,**,**,**,**,**,*,49,44,******,29.75,991.8,***,***,*****,*****,*****,*****,**
727930,24233,202001011553,240,9,***,11,***,*,*,*,10.0,**,**,**,**,**,**,**,**,*,50,45,1008.3,29.75,991.8,***,***,0.00,*****,*****,*****,**
727930,24233,202001011653,240,7,***,10,***,*,*,*,10.0,**,**,**,**,**,**,**,**,*,50,45,1009.2,29.78,992.8,***,***,0.00,*****,*****,*****,**
727930,24233,202001011753,220,14,22,13,***,*,*,*,10.0,**,**,**,**,**,**,**,**,*,50,44,1009.7,29.80,993.4,51,49,0.00,*****,*****,*****,**
727930,24233,202001011800,220,14,***,***,BKN,*,*,*,10.0,**,**,**,**,**,**,**,**,*,50,44,1009.7,*****,992.9,53,49,*****,*****,*****,*****,**
727930,24233,202001011853,210,15,***,14,***,*,*,*,10.0,**,**,**,**,**,**,**,**,*,50,45,1010.4,29.82,994.1,***,***,0.00,*****,*****,*****,**
727930,24233,202001011907,210,15,22,15,***,*,*,*,10.0,**,**,**,**,**,**,**,**,*,51,45,******,29.82,994.1,***,***,*****,*****,*****,*****,**
727930,24233,202001011953,200,14,20,15,***,*,*,*,10.0,**,**,**,**,**,**,**,**,*,51,45,1010.8,29.83,994.4,***,***,0.00,*****,*****,*****,**
727930,24233,202001012053,220,10,***,20,***,*,*,*,10.0,**,**,**,**,**,**,**,**,*,52,44,1010.7,29.83,994.4,***,***,0.00,*****,*****,*****,**
727930,24233,202001012153,210,16,24,20,***,*,*,*,10.0,**,**,**,**,**,**,**,**,*,52,44,1011.1,29.84,994.8,***,***,0.00,*****,*****,*****,**
727930,24233,202001012253,200,9,23,20,***,*,*,*,10.0,**,**,**,**,**,**,**,**,*,52,43,1011.7,29.86,995.4,***,***,0.00,*****,*****,*****,**
727930,24233,202001012353,210,16,23,19,***,*,*,*,10.0,**,**,**,**,**,**,**,**,*,51,44,1012.1,29.87,995.8,53,50,0.00,*****,*****,*****,**
727930,24233,202001020000,210,16,***,***,BKN,*,*,*,10.0,**,**,**,**,**,**,**,**,*,51,44,1012.1,*****,995.3,53,50,*****,*****,*****,*****,**
727930,24233,202001020053,200,22,31,22,***,*,*,*,10.0,**,**,**,**,**,**,**,**,*,50,43,1011.9,29.86,995.4,***,***,0.00,*****,*****,*****,**
727930,24233,202001020113,210,20,26,95,***,*,*,*,10.0,**,**,**,**,**,**,**,**,*,50,43,******,29.86,995.4,***,***,*****,*****,*****,*****,**
727930,24233,202001020151,200,18,26,22,BKN,*,*,*,10.0,**,**,**,**,**,**,**,**,*,48,43,******,29.87,995.8,***,***,*****,*****,*****,*****,**
727930,24233,202001020153,200,17,26,22,***,*,*,*,10.0,**,**,**,**,**,**,**,**,*,49,42,1012.3,29.87,995.8,***,***,0.00,*****,*****,*****,**
727930,24233,202001020253,210,11,24,17,***,*,*,*,10.0,**,**,**,**,**,**,**,**,*,48,42,1012.9,29.89,996.4,***,***,0.00,*****,*****,*****,**
727930,24233,202001020353,210,14,***,18,***,*,*,*,10.0,**,**,**,**,**,**,**,**,*,48,42,1013.8,29.92,997.4,***,***,0.00,*****,*****,*****,**
727930,24233,202001020453,210,15,***,18,***,*,*,*,10.0,**,**,**,**,**,**,**,**,*,48,41,1015.1,29.96,998.8,***,***,0.00,*****,*****,*****,**
727930,24233,202001020553,210,11,***,18,***,*,*,*,10.0,**,**,**,**,**,**,**,**,*,47,40,1016.2,29.99,999.8,51,47,0.00,*****,*****,*****,**
727930,24233,202001020600,210,11,***,***,OVC,*,*,*,10.0,**,**,**,**,**,**,**,**,*,47,40,1016.2,*****,999.3,53,47,*****,*****,*****,*****,**
727930,24233,202001020653,200,9,***,24,***,*,*,*,10.0,**,**,**,**,**,**,**,**,*,46,39,1017.4,30.02,1000.8,***,***,0.00,*****,*****,*****,**
727930,24233,202001020753,220,11,***,29,***,*,*,*,10.0,**,**,**,**,**,**,**,**,*,46,37,1018.3,30.05,1001.8,53,46,0.00,*****,*****,*****,**
727930,24233,202001020759,***,***,***,***,***,*,*,*,****,**,**,**,**,**,**,**,**,*,****,****,******,*****,******,53,46,*****,*****,0.00,*****,0
727930,24233,202001020845,210,10,***,722,SCT,*,*,*,10.0,**,**,**,**,**,**,**,**,*,45,35,******,30.07,1002.5,***,***,*****,*****,*****,*****,**
727930,24233,202001020853,200,10,***,722,SCT,*,*,*,10.0,**,**,**,**,**,**,**,**,*,45,36,1018.8,30.07,1002.5,***,***,0.00,*****,*****,*****,**
727930,24233,202001020951,220,11,***,26,OVC,*,*,*,10.0,**,**,**,**,**,**,**,**,*,45,36,******,30.09,1003.1,***,***,*****,*****,*****,*****,**
727930,24233,202001020953,220,10,***,26,***,*,*,*,10.0,**,**,**,**,**,**,**,**,*,45,36,1019.6,30.09,1003.1,***,***,0.00,*****,*****,*****,**
727930,24233,202001021053,210,7,***,27,***,*,*,*,9.1,**,**,**,**,**,**,**,**,*,45,35,1020.6,30.12,1004.1,***,***,0.00,*****,*****,*****,**
727930,24233,202001021144,200,7,***,48,***,*,*,*,10.0,**,**,**,**,**,**,**,**,*,44,35,******,30.12,1004.1,***,***,*****,*****,*****,*****,**
727930,24233,202001021153,220,10,***,48,***,*,*,*,10.0,**,**,**,**,**,**,**,**,*,44,35,1020.5,30.12,1004.1,47,44,0.00,*****,*****,*****,**
727930,24233,202001021200,220,10,***,***,OVC,*,*,*,10.0,**,**,**,**,**,**,**,**,*,44,35,1020.5,*****,1003.6,53,44,*****,*****,*****,*****,**
727930,24233,202001021253,180,5,***,120,***,*,*,*,10.0,**,**,**,**,**,**,**,**,*,43,36,1020.4,30.11,1003.8,***,***,0.00,*****,*****,*****,**
727930,24233,202001021353,160,6,***,110,***,*,*,*,10.0,**,**,**,**,**,**,**,**,*,43,35,1019.8,30.09,1003.1,***,***,0.00,*****,*****,*****,**
727930,24233,202001021453,190,7,***,100,***,*,*,*,10.0,**,**,**,**,**,**,**,**,*,43,36,1020.5,30.11,1003.8,***,***,0.00,*****,*****,*****,**
727930,24233,202001021553,170,6,***,95,***,*,*,*,10.0,**,**,**,**,**,**,**,**,*,43,36,1020.8,30.12,1004.1,***,***,0.00,*****,*****,*****,**
727930,24233,202001021653,160,8,***,85,***,*,*,*,10.0,**,**,**,**,**,**,**,**,*,43,35,1021.5,30.14,1004.8,***,***,0.00,*****,*****,*****,**
727930,24233,202001021753,170,8,***,35,***,*,*,*,7.0,61,**,**,**,61,**,**,**,*,43,37,1021.9,30.15,1005.1,44,43,0.00T,0.00T*****,*****,**,
727930,24233,202001021800,170,8,***,***,OVC,*,*,*,6.9,61,**,**,**,**,**,**,**,*,43,37,1021.9,*****,1004.6,47,43,*****,0.00T*****,*****,**,
727930,24233,202001021853,170,6,***,32,***,*,*,*,8.0,61,**,**,**,61,**,**,**,*,43,39,1021.8,30.15,1005.1,***,***,0.02,*****,*****,*****,**
727930,24233,202001021906,170,6,***,25,***,*,*,*,8.0,61,**,**,**,61,**,**,**,*,43,38,******,30.15,1005.1,***,***,0.00T*****,*****,*****,**,
727930,24233,202001021953,140,9,***,28,***,*,*,*,10.0,**,**,**,**,**,**,**,**,*,43,37,1020.6,30.11,1003.8,***,***,0.01,*****,*****,*****,**
727930,24233,202001022053,150,7,***,22,***,*,*,*,7.0,61,**,**,**,61,**,**,**,*,43,37,1019.7,30.09,1003.1,***,***,0.00T*****,*****,0.03,**,
727930,24233,202001022135,170,5,***,13,***,*,*,*,6.0,61,**,**,**,61,**,**,**,*,42,37,******,30.07,1002.5,***,***,0.01,*****,*****,*****,**
727930,24233,202001022153,130,9,***,13,***,*,*,*,6.0,61,**,**,**,61,**,**,**,*,42,37,1018.8,30.06,1002.1,***,***,0.03,*****,*****,*****,**
727930,24233,202001022220,140,8,***,15,***,*,*,*,8.0,61,**,**,**,61,**,**,**,*,42,37,******,30.06,1002.1,***,***,0.02,*****,*****,*****,**
727930,24233,202001022253,130,9,***,28,***,*,*,*,8.0,61,**,**,**,61,**,**,**,*,42,37,1018.2,30.04,1001.5,***,***,0.03,*****,*****,*****,**
727930,24233,202001022353,130,8,***,15,***,*,*,*,6.0,61,**,**,**,61,10,**,**,*,41,37,1017.7,30.03,1001.1,44,41,0.02,0.11,*****,*****,**
727930,24233,202001030000,130,8,***,***,OVC,*,*,*,5.6,61,**,**,**,**,**,**,**,*,41,37,1017.7,*****,1000.6,44,41,*****,0.12,*****,*****,**
727930,24233,202001030017,120,8,***,31,***,*,*,*,5.0,61,**,**,**,61,10,**,**,*,41,37,******,30.01,1000.5,***,***,0.01,*****,*****,*****,**
727930,24233,202001030053,110,9,***,44,***,*,*,*,10.0,61,**,**,**,61,**,**,**,*,41,38,1016.1,29.98,999.4,***,***,0.02,*****,*****,*****,**
727930,24233,202001030113,110,8,***,27,***,*,*,*,7.0,61,**,**,**,61,**,**,**,*,41,38,******,29.97,999.1,***,***,0.00T*****,*****,*****,**,
727930,24233,202001030153,140,9,***,21,***,*,*,*,3.0,**,**,**,**,10,**,**,**,*,41,39,1015.4,29.96,998.8,***,***,0.01,*****,*****,*****,**
727930,24233,202001030253,170,10,***,22,***,*,*,*,4.0,61,**,**,**,61,10,**,**,*,43,41,1014.8,29.94,998.1,***,***,0.02,*****,*****,0.04,**
727930,24233,202001030332,180,11,***,27,***,*,*,*,3.0,61,**,**,**,61,10,**,**,*,44,42,******,29.94,998.1,***,***,0.02,*****,*****,*****,**
727930,24233,202001030353,160,8,***,25,***,*,*,*,3.0,61,**,**,**,61,10,**,**,*,44,42,1014.9,29.95,998.4,***,***,0.03,*****,*****,*****,**
727930,24233,202001030453,170,14,***,27,***,*,*,*,5.0,61,**,**,**,61,10,**,**,*,46,44,1014.8,29.95,998.4,***,***,0.02,*****,*****,*****,**
727930,24233,202001030531,180,14,***,34,***,*,*,*,10.0,**,**,**,**,**,**,**,**,*,47,44,******,29.95,998.4,***,***,0.01,*****,*****,*****,**
727930,24233,202001030553,180,17,***,48,***,*,*,*,10.0,61,**,**,**,61,**,**,**,*,49,44,1014.9,29.95,998.4,49,41,0.00T,0.10,*****,*****,**
727930,24233,202001030600,180,17,***,***,OVC,*,*,*,10.0,61,**,**,**,**,**,**,**,*,49,44,1014.9,*****,997.9,49,41,*****,0.12,*****,*****,**
727930,24233,202001030651,190,11,***,28,OVC,*,*,*,10.0,**,**,**,**,**,**,**,**,*,48,45,******,29.96,998.8,***,***,*****,*****,*****,*****,**
727930,24233,202001030653,190,13,***,28,***,*,*,*,10.0,**,**,**,**,**,**,**,**,*,49,44,1015.2,29.96,998.8,***,***,0.00T*****,*****,*****,**,
727930,24233,202001030718,190,16,***,38,***,*,*,*,10.0,**,**,**,**,**,**,**,**,*,50,44,******,29.96,998.8,***,***,*****,*****,*****,*****,**
727930,24233,202001030753,170,16,24,43,***,*,*,*,10.0,**,**,**,**,**,**,**,**,*,50,44,1015.0,29.95,998.4,50,41,0.00,*****,*****,*****,**
727930,24233,202001030759,***,***,***,***,***,*,*,*,****,**,**,**,**,**,**,**,**,*,****,****,******,*****,******,50,41,*****,*****,0.21,*****,0
727930,24233,202001030833,160,15,***,27,***,*,*,*,4.0,61,**,**,**,61,10,**,**,*,49,45,******,29.96,998.8,***,***,0.00T*****,*****,*****,**,
727930,24233,202001030853,150,13,23,25,***,*,*,*,4.0,61,**,**,**,61,**,**,**,*,50,45,1015.0,29.95,998.4,***,***,0.01,*****,*****,0.01,**
727930,24233,202001030953,160,14,***,23,***,*,*,*,7.0,**,**,**,**,**,**,**,**,*,50,45,1014.6,29.94,998.1,***,***,0.00T*****,*****,*****,**,
727930,24233,202001031051,200,13,***,31,OVC,*,*,*,4.0,61,**,**,**,61,10,**,**,*,48,46,******,29.95,998.4,***,***,*****,*****,*****,*****,**
727930,24233,202001031053,200,11,***,33,***,*,*,*,4.0,61,**,**,**,61,10,**,**,*,49,46,1014.9,29.95,998.4,***,***,0.03,*****,*****,*****,**
727930,24233,202001031151,180,9,***,26,OVC,*,*,*,4.0,61,**,**,**,61,10,**,**,*,48,46,******,29.95,998.4,***,***,*****,*****,*****,*****,**
727930,24233,202001031153,180,9,***,26,***,*,*,*,4.0,61,**,**,**,61,10,**,**,*,49,46,1015.1,29.95,998.4,50,48,0.05,0.08,0.29,*****,**
727930,24233,202001031200,180,9,***,***,OVC,*,*,*,3.8,61,**,**,**,**,**,**,**,*,49,46,1015.1,*****,997.9,50,41,*****,0.08,0.29,*****,**
727930,24233,202001031253,180,8,***,25,***,*,*,*,10.0,**,**,**,**,**,**,**,**,*,49,46,1014.1,29.92,997.4,***,***,0.04,*****,*****,*****,**
727930,24233,202001031346,170,7,***,40,***,*,*,*,10.0,**,**,**,**,**,**,**,**,*,50,46,******,29.94,998.1,***,***,0.01,*****,*****,*****,**
727930,24233,202001031353,190,7,***,40,***,*,*,*,10.0,**,**,**,**,**,**,**,**,*,49,45,1014.7,29.94,998.1,***,***,0.01,*****,*****,*****,**
727930,24233,202001031453,160,5,***,220,***,*,*,*,10.0,**,**,**,**,**,**,**,**,*,47,45,1014.7,29.94,998.1,***,***,0.00,*****,*****,0.06,**
727930,24233,202001031553,160,7,***,240,***,*,*,*,10.0,**,**,**,**,**,**,**,**,*,49,43,1014.9,29.95,998.4,***,***,0.00,*****,*****,*****,**
727930,24233,202001031653,170,5,***,250,***,*,*,*,10.0,**,**,**,**,**,**,**,**,*,53,39,1015.4,29.97,999.1,***,***,0.00,*****,*****,*****,**
727930,24233,202001031753,350,5,***,250,***,*,*,*,10.0,**,**,**,**,**,**,**,**,*,50,44,1015.9,29.98,999.4,54,47,0.00,0.06,*****,*****,**
727930,24233,202001031800,350,5,***,***,BKN,*,*,*,10.0,**,**,**,**,**,**,**,**,*,50,44,1015.9,*****,998.9,54,41,*****,0.08,*****,*****,**
727930,24233,202001031853,320,3,***,250,***,*,*,*,10.0,**,**,**,**,**,**,**,**,*,52,42,1015.9,29.98,999.4,***,***,0.00,*****,*****,*****,**
727930,24233,202001031953,***,0,***,250,***,*,*,*,10.0,**,**,**,**,**,**,**,**,*,52,43,1015.0,29.95,998.4,***,***,0.00,*****,*****,*****,**
727930,24233,202001032053,140,6,***,140,***,*,*,*,10.0,**,**,**,**,**,**,**,**,*,53,41,1013.7,29.92,997.4,***,***,0.00,*****,*****,*****,**
727930,24233,202001032153,160,3,***,160,***,*,*,*,10.0,**,**,**,**,**,**,**,**,*,53,44,1012.6,29.88,996.1,***,***,0.00,*****,*****,*****,**
727930,24233,202001032253,160,6,***,160,***,*,*,*,10.0,**,**,**,**,**,**,**,**,*,51,43,1011.7,29.86,995.4,***,***,0.00,*****,*****,*****,**
727930,24233,202001032353,150,11,***,170,***,*,*,*,10.0,**,**,**,**,**,**,**,**,*,53,41,1010.3,29.81,993.8,54,50,0.00,*****,*****,*****,**
727930,24233,202001040000,150,11,***,***,BKN,*,*,*,10.0,**,**,**,**,**,**,**,**,*,53,41,1010.3,*****,993.3,54,48,*****,*****,*****,*****,**
727930,24233,202001040053,170,21,31,170,***,*,*,*,10.0,**,**,**,**,**,**,**,**,*,59,28,1008.4,29.76,992.1,***,***,0.00,*****,*****,*****,**
727930,24233,202001040153,180,23,30,110,***,*,*,*,10.0,**,**,**,**,**,**,**,**,*,61,24,1006.9,29.72,990.8,***,***,0.00,*****,*****,*****,**
727930,24233,202001040253,190,16,22,85,***,*,*,*,10.0,61,**,**,**,61,**,**,**,*,58,33,1006.1,29.69,989.8,***,***,0.00T*****,*****,0.00T**,,
727930,24233,202001040353,280,7,20,60,***,*,*,*,10.0,61,**,**,**,61,**,**,**,*,51,39,1006.3,29.70,990.1,***,***,0.01,*****,*****,*****,**
727930,24233,202001040453,240,13,23,55,***,*,*,*,8.0,61,**,**,**,61,**,**,**,*,49,42,1007.3,29.73,991.1,***,***,0.05,*****,*****,*****,**
727930,24233,202001040553,220,14,25,38,***,*,*,*,10.0,61,**,**,**,61,**,**,**,*,48,44,1008.6,29.77,992.4,62,48,0.06,0.12,*****,*****,**
727930,24233,202001040600,220,14,***,***,OVC,*,*,*,10.0,61,**,**,**,**,**,**,**,*,48,44,1008.6,*****,991.9,62,48,*****,0.12,*****,*****,**
727930,24233,202001040653,210,14,***,41,***,*,*,*,9.1,61,**,**,**,61,**,**,**,*,47,44,1010.0,29.81,993.8,***,***,0.04,*****,*****,*****,**
727930,24233,202001040712,210,16,22,25,***,*,*,*,9.1,61,**,**,**,61,**,**,**,*,46,44,******,29.82,994.1,***,***,0.02,*****,*****,*****,**
727930,24233,202001040736,210,14,24,13,***,*,*,*,6.0,61,**,**,**,61,10,**,**,*,46,44,******,29.82,994.1,***,***,0.07,*****,*****,*****,**
727930,24233,202001040753,220,14,***,15,***,*,*,*,9.1,61,**,**,**,61,**,**,**,*,46,43,1010.6,29.82,994.1,62,46,0.09,*****,*****,*****,**
727930,24233,202001040759,***,***,***,***,***,*,*,*,****,**,**,**,**,**,**,**,**,*,****,****,******,*****,******,62,46,*****,*****,0.39,*****,0
727930,24233,202001040805,200,15,***,36,***,*,*,*,10.0,61,**,**,**,61,**,**,**,*,45,42,******,29.82,994.1,***,***,0.01,*****,*****,*****,**
727930,24233,202001040853,180,16,22,32,***,*,*,*,10.0,61,**,**,**,61,**,**,**,*,44,41,1011.2,29.84,994.8,***,***,0.05,*****,*****,0.17,**
727930,24233,202001040901,180,17,25,24,***,*,*,*,10.0,61,**,**,**,61,**,**,**,*,44,41,******,29.84,994.8,***,***,0.01,*****,*****,*****,**
727930,24233,202001040953,190,21,***,15,***,*,*,*,10.0,**,**,**,**,**,**,**,**,*,45,41,1011.8,29.86,995.4,***,***,0.00T*****,*****,*****,**,
727930,24233,202001041017,210,21,33,14,***,*,*,*,10.0,**,**,**,**,**,**,**,**,*,45,41,******,29.88,996.1,***,***,*****,*****,*****,*****,**
727930,24233,202001041051,210,20,30,50,OVC,*,*,*,10.0,**,**,**,**,**,**,**,**,*,45,39,******,29.88,996.1,***,***,*****,*****,*****,*****,**
727930,24233,202001041053,210,18,30,50,***,*,*,*,10.0,**,**,**,**,**,**,**,**,*,45,39,1012.7,29.89,996.4,***,***,0.00,*****,*****,*****,**
727930,24233,202001041153,200,17,26,120,***,*,*,*,10.0,**,**,**,**,**,**,**,**,*,44,40,1014.8,29.95,998.4,48,44,0.00,0.18,0.36,*****,**
727930,24233,202001041200,200,17,***,***,BKN,*,*,*,10.0,**,**,**,**,**,**,**,**,*,44,40,1014.8,*****,997.9,62,44,*****,0.20,0.36,*****,**
727930,24233,202001041253,220,17,25,722,SCT,*,*,*,10.0,**,**,**,**,**,**,**,**,*,44,37,1016.5,30.00,1000.1,***,***,0.00,*****,*****,*****,**
727930,24233,202001041353,210,18,23,722,SCT,*,*,*,10.0,**,**,**,**,**,**,**,**,*,44,34,1018.6,30.06,1002.1,***,***,0.00,*****,*****,*****,**
727930,24233,202001041453,160,9,***,722,SCT,*,*,*,10.0,**,**,**,**,**,**,**,**,*,41,36,1020.9,30.13,1004.5,***,***,0.00,*****,*****,*****,**
727930,24233,202001041553,170,14,***,722,SCT,*,*,*,10.0,**,**,**,**,**,**,**,**,*,41,36,1022.4,30.17,1005.8,***,***,0.00,*****,*****,*****,**
727930,24233,202001041642,170,13,22,26,***,*,*,*,10.0,**,**,**,**,**,**,**,**,*,42,36,******,30.20,1006.8,***,***,*****,*****,*****,*****,**
727930,24233,202001041653,190,14,***,26,***,*,*,*,10.0,**,**,**,**,**,**,**,**,*,42,36,1023.6,30.20,1006.8,***,***,0.00,*****,*****,*****,**
727930,24233,202001041731,200,16,23,110,***,*,*,*,10.0,**,**,**,**,**,**,**,**,*,42,37,******,30.22,1007.5,***,***,*****,*****,*****,*****,**
727930,24233,202001041753,200,18,24,722,SCT,*,*,*,10.0,**,**,**,**,**,**,**,**,*,43,37,1024.8,30.24,1008.1,45,40,0.00,*****,*****,*****,**
727930,24233,202001041800,200,18,***,722,SCT,*,*,*,10.0,**,**,**,**,**,**,**,**,*,43,37,1024.8,*****,1007.6,48,40,*****,*****,*****,*****,**
727930,24233,202001041833,180,16,23,22,***,*,*,*,10.0,**,**,**,**,**,**,**,**,*,43,36,******,30.27,1009.1,***,***,*****,*****,*****,*****,**
727930,24233,202001041853,180,11,***,22,***,*,*,*,10.0,61,**,**,**,61,**,**,**,*,42,37,1026.2,30.28,1009.5,***,***,0.00T*****,*****,*****,**,
727930,24233,202001041953,190,16,23,22,***,*,*,*,10.0,**,**,**,**,**,**,**,**,*,46,39,1026.1,30.28,1009.5,***,***,0.01,*****,*****,*****,**
727930,24233,202001042053,200,15,***,26,***,*,*,*,10.0,**,**,**,**,**,**,**,**,*,45,40,1026.6,30.29,1009.8,***,***,0.00T*****,*****,0.01,**,
727930,24233,202001042153,200,17,24,28,***,*,*,*,10.0,61,**,**,**,61,**,**,**,*,45,39,1027.1,30.30,1010.1,***,***,0.01,*****,*****,*****,**
727930,24233,202001042251,190,15,23,30,BKN,*,*,*,10.0,**,**,**,**,**,**,**,**,*,45,37,******,30.32,1010.8,***,***,*****,*****,*****,*****,**
727930,24233,202001042253,190,14,23,30,***,*,*,*,10.0,**,**,**,**,**,**,**,**,*,45,38,1027.7,30.32,1010.8,***,***,0.00T*****,*****,*****,**,
727930,24233,202001042342,***,0,***,25,***,*,*,*,10.0,61,**,**,**,61,**,**,**,*,44,39,******,30.34,1011.5,***,***,0.01,*****,*****,*****,**
727930,24233,202001042353,150,10,***,23,***,*,*,*,9.1,61,**,**,**,61,**,**,**,*,44,38,1028.5,30.35,1011.8,46,42,0.01,0.03,*****,*****,**
727930,24233,202001050000,150,10,***,***,OVC,*,*,*,8.8,61,**,**,**,**,**,**,**,*,44,38,1028.5,*****,1011.3,46,42,*****,0.03,*****,*****,**
727930,24233,202001050051,180,15,***,34,BKN,*,*,*,10.0,**,**,**,**,**,**,**,**,*,43,37,******,30.34,1011.5,***,***,*****,*****,*****,*****,**
727930,24233,202001050053,180,14,***,34,***,*,*,*,10.0,**,**,**,**,**,**,**,**,*,44,38,1028.2,30.34,1011.5,***,***,0.01,*****,*****,*****,**
727930,24233,202001050153,170,13,***,120,***,*,*,*,10.0,**,**,**,**,**,**,**,**,*,44,37,1028.2,30.34,1011.5,***,***,0.00,*****,*****,*****,**
727930,24233,202001050253,190,15,***,40,***,*,*,*,10.0,**,**,**,**,**,**,**,**,*,44,37,1028.2,30.34,1011.5,***,***,0.00,*****,*****,0.01,**
727930,24233,202001050353,180,11,***,34,***,*,*,*,10.0,**,**,**,**,**,**,**,**,*,44,37,1028.2,30.34,1011.5,***,***,0.01,*****,*****,*****,**
727930,24233,202001050453,180,14,***,38,***,*,*,*,10.0,61,**,**,**,61,**,**,**,*,45,36,1028.1,30.33,1011.2,***,***,0.00T*****,*****,*****,**,
727930,24233,202001050553,170,9,***,48,***,*,*,*,10.0,**,**,**,**,**,**,**,**,*,45,36,1028.0,30.33,1011.2,45,43,0.00T,0.02,*****,*****,**
727930,24233,202001050600,170,9,***,***,BKN,*,*,*,10.0,**,**,**,**,**,**,**,**,*,45,36,1028.0,*****,1010.6,48,43,*****,0.02,*****,*****,**
727930,24233,202001050653,160,8,***,65,***,*,*,*,10.0,**,**,**,**,**,**,**,**,*,44,36,1027.9,30.33,1011.2,***,***,0.00,*****,*****,*****,**
727930,24233,202001050753,160,7,***,43,***,*,*,*,9.1,61,**,**,**,61,**,**,**,*,44,36,1027.2,30.31,1010.5,46,40,0.00T*****,*****,*****,**,
727930,24233,202001050759,***,***,***,***,***,*,*,*,****,**,**,**,**,**,**,**,**,*,****,****,******,*****,******,46,40,*****,*****,0.10,*****,0
727930,24233,202001050853,180,8,***,80,***,*,*,*,10.0,**,**,**,**,**,**,**,**,*,44,36,1026.1,30.28,1009.5,***,***,0.00T*****,*****,0.00T**,,
727930,24233,202001050953,180,9,***,65,***,*,*,*,10.0,**,**,**,**,**,**,**,**,*,44,36,1025.7,30.26,1008.8,***,***,0.00T*****,*****,*****,**,
727930,24233,202001051053,180,7,***,38,***,*,*,*,10.0,61,**,**,**,61,**,**,**,*,43,37,1025.4,30.26,1008.8,***,***,0.00T*****,*****,*****,**,
727930,24233,202001051153,160,8,***,46,***,*,*,*,10.0,61,**,**,**,61,**,**,**,*,43,38,1024.9,30.24,1008.1,45,43,0.02,0.02,0.07,*****,**
727930,24233,202001051200,160,8,***,***,OVC,*,*,*,10.0,61,**,**,**,**,**,**,**,*,43,38,1024.9,*****,1007.6,46,43,*****,0.02,0.07,*****,**
727930,24233,202001051253,180,9,***,30,***,*,*,*,10.0,61,**,**,**,61,**,**,**,*,43,37,1024.2,30.22,1007.5,***,***,0.01,*****,*****,*****,**
727930,24233,202001051353,160,10,***,34,***,*,*,*,10.0,**,**,**,**,**,**,**,**,*,43,37,1023.4,30.20,1006.8,***,***,0.00T*****,*****,*****,**,
727930,24233,202001051453,140,13,***,80,***,*,*,*,10.0,**,**,**,**,**,**,**,**,*,45,36,1022.5,30.17,1005.8,***,***,0.00,*****,*****,0.01,**
727930,24233,202001051553,140,11,18,45,***,*,*,*,10.0,61,**,**,**,61,**,**,**,*,43,36,1021.3,30.14,1004.8,***,***,0.00T*****,*****,*****,**,
727930,24233,202001051653,150,11,***,44,***,*,*,*,10.0,**,**,**,**,**,**,**,**,*,44,35,1021.1,30.13,1004.5,***,***,0.00,*****,*****,*****,**
727930,24233,202001051753,180,11,22,28,***,*,*,*,6.0,61,**,**,**,61,**,**,**,*,44,38,1021.2,30.13,1004.5,45,42,0.04,0.05,*****,*****,**
727930,24233,202001051800,180,11,***,***,OVC,*,*,*,5.6,61,**,**,**,**,**,**,**,*,44,38,1021.2,*****,1003.9,45,42,*****,0.04,*****,*****,**
727930,24233,202001051853,190,18,29,27,***,*,*,*,3.0,65,**,**,**,62,**,**,**,*,44,39,1021.9,30.15,1005.1,***,***,0.04,*****,*****,*****,**
727930,24233,202001051953,190,21,30,15,***,*,*,*,10.0,**,**,**,**,**,**,**,**,*,44,39,1021.7,30.15,1005.1,***,***,0.00T*****,*****,*****,**,
727930,24233,202001052053,210,20,32,90,***,*,*,*,10.0,**,**,**,**,**,**,**,**,*,47,40,1022.7,30.18,1006.1,***,***,0.00,*****,*****,0.04,**
727930,24233,202001052153,210,18,28,85,***,*,*,*,10.0,**,**,**,**,**,**,**,**,*,47,37,1024.3,30.22,1007.5,***,***,0.00,*****,*****,*****,**
727930,24233,202001052253,220,16,25,722,SCT,*,*,*,10.0,**,**,**,**,**,**,**,**,*,47,37,1025.5,30.26,1008.8,***,***,0.00,*****,*****,*****,**
727930,24233,202001052353,220,20,26,200,***,*,*,*,10.0,**,**,**,**,**,**,**,**,*,46,35,1026.4,30.29,1009.8,48,43,0.00,0.04,*****,*****,**
727930,24233,202001060000,220,20,***,***,BKN,*,*,*,10.0,**,**,**,**,**,**,**,**,*,46,35,1026.4,*****,1009.3,48,43,*****,0.04,*****,*****,**
727930,24233,202001060053,220,18,25,170,***,*,*,*,10.0,**,**,**,**,**,**,**,**,*,45,36,1027.1,30.31,1010.5,***,***,0.00,*****,*****,*****,**
727930,24233,202001060153,210,16,24,100,***,*,*,*,10.0,**,**,**,**,**,**,**,**,*,45,36,1027.8,30.33,1011.2,***,***,0.00,*****,*****,*****,**
727930,24233,202001060248,200,18,25,22,***,*,*,*,10.0,**,**,**,**,**,**,**,**,*,43,37,******,30.35,1011.8,***,***,0.00T*****,*****,*****,**,
727930,24233,202001060253,210,18,28,22,***,*,*,*,10.0,**,**,**,**,**,**,**,**,*,44,37,1028.6,30.35,1011.8,***,***,0.00T*****,*****,0.00T**,,
727930,24233,202001060312,190,16,***,120,***,*,*,*,10.0,**,**,**,**,**,**,**,**,*,43,37,******,30.35,1011.8,***,***,*****,*****,*****,*****,**
727930,24233,202001060351,190,13,***,24,OVC,*,*,*,10.0,61,**,**,**,61,**,**,**,*,43,37,******,30.35,1011.8,***,***,*****,*****,*****,*****,**
727930,24233,202001060353,190,15,***,24,***,*,*,*,10.0,61,**,**,**,61,**,**,**,*,43,38,1028.8,30.35,1011.8,***,***,0.00T*****,*****,*****,**,
727930,24233,202001060453,180,17,***,24,***,*,*,*,10.0,**,**,**,**,**,**,**,**,*,42,38,1028.8,30.35,1011.8,***,***,0.01,*****,*****,*****,**
727930,24233,202001060553,190,17,23,25,***,*,*,*,10.0,**,**,**,**,**,**,**,**,*,43,38,1029.0,30.36,1012.2,46,42,0.00T,0.01,*****,*****,**
727930,24233,202001060600,190,17,***,***,OVC,*,*,*,10.0,**,**,**,**,**,**,**,**,*,43,38,1029.0,*****,1011.6,46,42,*****,0.01,*****,*****,**
727930,24233,202001060626,200,16,***,30,***,*,*,*,10.0,**,**,**,**,**,**,**,**,*,43,38,******,30.35,1011.8,***,***,0.00T*****,*****,*****,**,
727930,24233,202001060653,190,16,***,30,***,*,*,*,9.1,61,**,**,**,61,**,**,**,*,42,39,1028.5,30.35,1011.8,***,***,0.01,*****,*****,*****,**
727930,24233,202001060748,180,13,***,23,***,*,*,*,10.0,61,**,**,**,61,**,**,**,*,43,37,******,30.33,1011.2,***,***,0.01,*****,*****,*****,**
727930,24233,202001060753,180,13,22,23,***,*,*,*,10.0,61,**,**,**,61,**,**,**,*,42,38,1027.9,30.33,1011.2,48,42,0.01,*****,*****,*****,**
727930,24233,202001060759,***,***,***,***,***,*,*,*,****,**,**,**,**,**,**,**,**,*,****,****,******,*****,******,48,42,*****,*****,0.14,*****,0
727930,24233,202001060853,180,10,***,21,***,*,*,*,7.0,61,**,**,**,61,**,**,**,*,41,38,1026.8,30.30,1010.1,***,***,0.03,*****,*****,0.05,**
727930,24233,202001060953,170,9,***,26,***,*,*,*,7.0,61,**,**,**,61,**,**,**,*,41,38,1025.4,30.26,1008.8,***,***,0.04,*****,*****,*****,**
727930,24233,202001061053,150,7,***,23,***,*,*,*,7.0,61,**,**,**,61,**,**,**,*,41,39,1024.7,30.23,1007.8,***,***,0.02,*****,*****,*****,**
727930,24233,202001061153,160,10,***,21,***,*,*,*,10.0,**,**,**,**,**,**,**,**,*,42,39,1023.4,30.20,1006.8,43,41,0.00T,0.11,0.21,*****,**
727930,24233,202001061200,160,10,***,***,OVC,*,*,*,10.0,**,**,**,**,**,**,**,**,*,42,39,1023.4,*****,1006.3,48,41,*****,0.12,0.21,*****,**
727930,24233,202001061253,200,11,***,20,***,*,*,*,5.0,61,**,**,**,61,10,**,**,*,43,41,1022.6,30.17,1005.8,***,***,0.04,*****,*****,*****,**
727930,24233,202001061353,180,16,26,23,***,*,*,*,6.0,61,**,**,**,61,10,**,**,*,44,41,1021.5,30.14,1004.8,***,***,0.02,*****,*****,*****,**
727930,24233,202001061453,180,15,28,19,***,*,*,*,6.0,61,**,**,**,61,10,**,**,*,45,42,1020.4,30.11,1003.8,***,***,0.03,*****,*****,0.09,**
727930,24233,202001061553,160,20,29,17,***,*,*,*,5.0,61,**,**,**,61,10,**,**,*,46,43,1019.7,30.09,1003.1,***,***,0.03,*****,*****,*****,**
727930,24233,202001061653,180,20,***,23,***,*,*,*,6.0,61,**,**,**,61,10,**,**,*,47,44,1019.6,30.09,1003.1,***,***,0.05,*****,*****,*****,**
727930,24233,202001061737,190,21,32,12,***,*,*,*,5.0,61,**,**,**,61,10,**,**,*,47,44,******,30.09,1003.1,***,***,0.04,*****,*****,*****,**
727930,24233,202001061753,180,20,***,10,***,*,*,*,5.0,61,**,**,**,61,10,**,**,*,47,45,1019.6,30.09,1003.1,48,***,0.06,0.23,*****,*****,**
727930,24233,202001061800,180,20,***,***,OVC,*,*,*,5.0,61,**,**,**,**,**,**,**,*,47,45,1019.6,*****,1002.6,48,42,*****,0.24,*****,*****,**
727930,24233,202001061853,180,18,29,11,***,*,*,*,5.0,61,**,**,**,61,10,**,**,*,48,46,1020.0,30.10,1003.5,***,***,0.09,*****,*****,*****,**
727930,24233,202001061939,180,21,26,8,***,*,*,*,5.0,61,**,**,**,61,10,**,**,*,49,47,******,30.08,1002.8,***,***,0.10,*****,*****,*****,**
727930,24233,202001061953,180,23,***,8,***,*,*,*,6.0,61,**,**,**,61,10,**,**,*,50,47,1019.3,30.08,1002.8,***,***,0.10,*****,*****,*****,**
727930,24233,202001062053,190,21,30,8,***,*,*,*,6.0,61,**,**,**,61,10,**,**,*,50,47,1019.1,30.07,1002.5,***,***,0.03,*****,*****,0.22,**
727930,24233,202001062144,190,18,26,8,***,*,*,*,2.5,61,**,**,**,61,10,**,**,*,50,47,******,30.07,1002.5,***,***,0.03,*****,*****,*****,**
727930,24233,202001062153,190,16,***,8,***,*,*,*,2.5,61,**,**,**,61,10,**,**,*,50,48,1019.1,30.07,1002.5,***,***,0.04,*****,*****,*****,**
727930,24233,202001062253,190,17,23,7,***,*,*,*,2.5,61,**,**,**,61,10,**,**,*,50,48,1019.5,30.08,1002.8,***,***,0.04,*****,*****,*****,**
727930,24233,202001062353,190,20,***,6,***,*,*,*,2.5,61,**,**,**,61,10,**,**,*,50,48,1019.5,30.08,1002.8,50,47,0.03,0.33,*****,*****,**
727930,24233,202001070000,190,20,***,***,OVC,*,*,*,2.5,61,**,**,**,**,**,**,**,*,50,48,1019.5,*****,1002.3,50,41,*****,0.31,*****,*****,**
727930,24233,202001070053,190,18,29,8,***,*,*,*,2.5,61,**,**,**,61,10,**,**,*,50,49,1019.6,30.09,1003.1,***,***,0.05,*****,*****,*****,**
727930,24233,202001070153,190,18,28,5,***,*,*,*,2.5,61,**,**,**,61,10,**,**,*,50,49,1019.7,30.09,1003.1,***,***,0.06,*****,*****,*****,**
727930,24233,202001070230,190,18,26,5,***,*,*,*,3.0,61,**,**,**,61,10,**,**,*,51,49,******,30.09,1003.1,***,***,0.03,*****,*****,*****,**
727930,24233,202001070253,200,20,26,6,***,*,*,*,5.0,61,**,**,**,61,10,**,**,*,51,49,1019.6,30.09,1003.1,***,***,0.04,*****,*****,0.15,**
727930,24233,202001070353,190,16,***,7,***,*,*,*,6.0,61,**,**,**,61,10,**,**,*,51,49,1019.8,30.09,1003.1,***,***,0.04,*****,*****,*****,**
727930,24233,202001070453,190,16,23,5,***,*,*,*,4.0,61,**,**,**,61,10,**,**,*,50,48,1019.6,30.09,1003.1,***,***,0.09,*****,*****,*****,**
727930,24233,202001070551,190,18,28,5,OVC,*,*,*,2.5,61,**,**,**,61,10,**,**,*,50,48,******,30.08,1002.8,***,***,*****,*****,*****,*****,**
727930,24233,202001070553,180,21,28,5,***,*,*,*,3.0,61,**,**,**,61,10,**,**,*,50,48,1019.2,30.08,1002.8,51,50,0.08,0.35,*****,*****,**
727930,24233,202001070600,180,21,***,***,OVC,*,*,*,3.0,61,**,**,**,**,**,**,**,*,50,48,1019.2,*****,1002.3,51,41,*****,0.35,*****,*****,**
727930,24233,202001070651,180,15,***,16,OVC,*,*,*,6.0,61,**,**,**,61,10,**,**,*,50,48,******,30.07,1002.5,***,***,*****,*****,*****,*****,**
727930,24233,202001070653,180,15,***,8,***,*,*,*,6.0,61,**,**,**,61,10,**,**,*,50,48,1019.1,30.07,1002.5,***,***,0.07,*****,*****,*****,**
727930,24233,202001070717,180,15,23,16,***,*,*,*,7.0,61,**,**,**,61,**,**,**,*,50,48,******,30.07,1002.5,***,***,0.04,*****,*****,*****,**
727930,24233,202001070753,180,16,25,23,***,*,*,*,6.0,61,**,**,**,61,10,**,**,*,50,48,1018.4,30.05,1001.8,51,41,0.11,*****,*****,*****,**
727930,24233,202001070759,***,***,***,***,***,*,*,*,****,**,**,**,**,**,**,**,**,*,****,****,******,*****,******,51,41,*****,*****,1.19,*****,0
727930,24233,202001070853,170,20,***,24,***,*,*,*,6.0,65,**,**,**,62,10,**,**,*,50,47,1017.4,30.02,1000.8,***,***,0.09,*****,*****,0.27,**
727930,24233,202001070953,180,21,31,14,***,*,*,*,7.0,61,**,**,**,61,**,**,**,*,50,47,1016.8,30.01,1000.5,***,***,0.09,*****,*****,*****,**
727930,24233,202001071051,190,13,***,16,OVC,*,*,*,10.0,61,**,**,**,61,**,**,**,*,50,46,******,30.00,1000.1,***,***,*****,*****,*****,*****,**
727930,24233,202001071053,180,14,22,16,***,*,*,*,9.1,61,**,**,**,61,**,**,**,*,50,47,1016.7,30.00,1000.1,***,***,0.02,*****,*****,*****,**
727930,24233,202001071153,180,15,***,24,***,*,*,*,10.0,**,**,**,**,**,**,**,**,*,50,46,1016.2,29.99,999.8,51,50,0.00T,0.39,1.30,*****,**
727930,24233,202001071200,180,15,***,***,OVC,*,*,*,10.0,**,**,**,**,**,**,**,**,*,50,46,1016.2,*****,999.3,51,50,*****,0.39,1.30,*****,**
727930,24233,202001071253,200,16,21,22,***,*,*,*,7.0,61,**,**,**,61,**,**,**,*,50,46,1015.9,29.98,999.4,***,***,0.02,*****,*****,*****,**
727930,24233,202001071342,200,15,23,32,***,*,*,*,10.0,61,**,**,**,61,**,**,**,*,50,46,******,29.98,999.4,***,***,0.02,*****,*****,*****,**
727930,24233,202001071353,200,16,24,31,***,*,*,*,10.0,**,**,**,**,**,**,**,**,*,50,46,1015.5,29.97,999.1,***,***,0.01,*****,*****,*****,**
727930,24233,202001071446,170,8,***,28,OVC,*,*,*,9.1,61,**,**,**,61,**,**,**,*,50,46,******,29.95,998.4,***,***,*****,*****,*****,*****,**
727930,24233,202001071453,180,8,***,25,***,*,*,*,9.1,61,**,**,**,61,**,**,**,*,50,46,1014.8,29.95,998.4,***,***,0.01,*****,*****,0.04,**
727930,24233,202001071553,160,13,***,24,***,*,*,*,10.0,**,**,**,**,**,**,**,**,*,50,45,1013.9,29.92,997.4,***,***,0.01,*****,*****,*****,**
727930,24233,202001071653,160,11,***,28,***,*,*,*,10.0,61,**,**,**,61,**,**,**,*,50,46,1013.3,29.90,996.8,***,***,0.00T*****,*****,*****,**,
727930,24233,202001071753,180,14,***,29,***,*,*,*,10.0,**,**,**,**,**,**,**,**,*,52,45,1012.7,29.89,996.4,52,49,0.00,0.05,*****,*****,**
727930,24233,202001071758,180,14,***,30,***,*,*,*,10.0,**,**,**,**,**,**,**,**,*,52,45,******,29.88,996.1,***,***,*****,*****,*****,*****,**
727930,24233,202001071800,180,14,***,***,OVC,*,*,*,10.0,**,**,**,**,**,**,**,**,*,52,45,1012.7,*****,995.9,52,47,*****,0.04,*****,*****,**
727930,24233,202001071853,190,14,***,42,***,*,*,*,10.0,**,**,**,**,**,**,**,**,*,52,45,1011.9,29.86,995.4,***,***,0.00,*****,*****,*****,**
727930,24233,202001071953,190,11,***,37,***,*,*,*,10.0,**,**,**,**,**,**,**,**,*,53,45,1010.1,29.81,993.8,***,***,0.00,*****,*****,*****,**
727930,24233,202001072053,200,15,***,160,***,*,*,*,10.0,**,**,**,**,**,**,**,**,*,54,45,1008.2,29.76,992.1,***,***,0.00,*****,*****,*****,**
727930,24233,202001072153,200,18,31,140,***,*,*,*,10.0,**,**,**,**,**,**,**,**,*,54,44,1007.0,29.72,990.8,***,***,0.00,*****,*****,*****,**
727930,24233,202001072253,190,10,***,70,***,*,*,*,10.0,**,**,**,**,**,**,**,**,*,54,43,1006.7,29.71,990.4,***,***,0.00,*****,*****,*****,**
727930,24233,202001072353,200,13,24,43,***,*,*,*,10.0,61,**,**,**,61,**,**,**,*,53,44,1006.1,29.69,989.8,55,52,0.00T,0.00T*****,*****,**,
727930,24233,202001080000,200,13,***,***,OVC,*,*,*,10.0,61,**,**,**,**,**,**,**,*,53,44,1006.1,*****,989.2,55,50,*****,0.00T*****,*****,**,
727930,24233,202001080053,200,20,31,44,OVC,*,*,*,10.0,61,**,**,**,61,**,**,**,*,51,45,1006.3,29.70,990.1,***,***,0.00T*****,*****,*****,**,
727930,24233,202001080153,180,14,***,50,***,*,*,*,10.0,61,**,**,**,61,**,**,**,*,50,45,1005.7,29.68,989.4,***,***,0.00T*****,*****,*****,**,
727930,24233,202001080253,180,11,***,35,***,*,*,*,10.0,61,**,**,**,61,**,**,**,*,49,45,1005.5,29.67,989.1,***,***,0.01,*****,*****,0.01,**
727930,24233,202001080328,200,17,22,16,***,*,*,*,6.0,61,**,**,**,61,10,**,**,*,49,45,******,29.68,989.4,***,***,0.00T*****,*****,*****,**,
727930,24233,202001080353,210,15,24,16,***,*,*,*,9.1,61,**,**,**,61,**,**,**,*,48,45,1005.9,29.68,989.4,***,***,0.01,*****,*****,*****,**
727930,24233,202001080419,210,13,***,15,***,*,*,*,10.0,61,**,**,**,61,**,**,**,*,48,45,******,29.69,989.8,***,***,0.01,*****,*****,*****,**
727930,24233,202001080438,190,15,***,30,***,*,*,*,10.0,61,**,**,**,61,**,**,**,*,48,45,******,29.68,989.4,***,***,0.01,*****,*****,*****,**
727930,24233,202001080453,200,14,***,55,***,*,*,*,10.0,**,**,**,**,**,**,**,**,*,48,44,1006.0,29.69,989.8,***,***,0.01,*****,*****,*****,**
727930,24233,202001080530,190,14,***,19,***,*,*,*,10.0,**,**,**,**,**,**,**,**,*,48,45,******,29.69,989.8,***,***,*****,*****,*****,*****,**
727930,24233,202001080546,190,14,***,14,***,*,*,*,10.0,**,**,**,**,**,**,**,**,*,48,45,******,29.69,989.8,***,***,*****,*****,*****,*****,**
727930,24233,202001080553,190,15,***,14,***,*,*,*,10.0,**,**,**,**,**,**,**,**,*,48,45,1006.1,29.69,989.8,53,47,0.00,0.03,*****,*****,**
727930,24233,202001080600,190,15,***,***,OVC,*,*,*,10.0,**,**,**,**,**,**,**,**,*,48,45,1006.1,*****,989.2,53,47,*****,0.03,*****,*****,**
727930,24233,202001080648,200,24,29,18,***,*,*,*,10.0,**,**,**,**,**,**,**,**,*,46,43,******,29.69,989.8,***,***,*****,*****,*****,*****,**
727930,24233,202001080651,200,18,29,722,SCT,*,*,*,10.0,**,**,**,**,**,**,**,**,*,46,43,******,29.69,989.8,***,***,*****,*****,*****,*****,**
727930,24233,202001080653,200,20,29,722,SCT,*,*,*,10.0,**,**,**,**,**,**,**,**,*,47,43,1006.1,29.69,989.8,***,***,0.00,*****,*****,*****,**
727930,24233,202001080734,210,21,29,18,***,*,*,*,10.0,**,**,**,**,**,**,**,**,*,46,40,******,29.71,990.4,***,***,*****,*****,*****,*****,**
727930,24233,202001080753,220,21,29,18,***,*,*,*,10.0,**,**,**,**,**,**,**,**,*,46,40,1006.6,29.71,990.4,55,46,0.00,*****,*****,*****,**
727930,24233,202001080759,***,***,***,***,***,*,*,*,****,**,**,**,**,**,**,**,**,*,****,****,******,*****,******,55,46,*****,*****,0.28,*****,0
727930,24233,202001080853,220,20,***,15,***,*,*,*,10.0,**,**,**,**,**,**,**,**,*,45,40,1006.9,29.71,990.4,***,***,0.00,*****,*****,*****,**
727930,24233,202001080951,220,22,29,150,BKN,*,*,*,10.0,**,**,**,**,**,**,**,**,*,45,37,******,29.74,991.4,***,***,*****,*****,*****,*****,**
727930,24233,202001080953,220,20,29,150,***,*,*,*,10.0,**,**,**,**,**,**,**,**,*,45,38,1007.7,29.74,991.4,***,***,0.00,*****,*****,*****,**
727930,24233,202001081012,230,15,30,24,***,*,*,*,10.0,**,**,**,**,**,**,**,**,*,44,36,******,29.75,991.8,***,***,*****,*****,*****,*****,**
727930,24233,202001081053,220,18,25,21,***,*,*,*,10.0,**,**,**,**,**,**,**,**,*,44,36,1009.1,29.78,992.8,***,***,0.00,*****,*****,*****,**
727930,24233,202001081151,220,16,26,200,BKN,*,*,*,10.0,**,**,**,**,**,**,**,**,*,43,36,******,29.79,993.1,***,***,*****,*****,*****,*****,**
727930,24233,202001081153,220,16,26,200,***,*,*,*,10.0,**,**,**,**,**,**,**,**,*,43,36,1009.6,29.79,993.1,48,43,0.00,*****,0.08,*****,**
727930,24233,202001081200,220,16,***,***,BKN,*,*,*,10.0,**,**,**,**,**,**,**,**,*,43,36,1009.6,*****,992.6,55,43,*****,*****,0.08,*****,**
727930,24233,202001081206,220,16,24,20,***,*,*,*,10.0,**,**,**,**,**,**,**,**,*,43,37,******,29.80,993.4,***,***,*****,*****,*****,*****,**
727930,24233,202001081253,220,20,29,200,***,*,*,*,10.0,**,**,**,**,**,**,**,**,*,43,36,1009.6,29.79,993.1,***,***,0.00,*****,*****,*****,**
727930,24233,202001081353,210,20,***,180,***,*,*,*,10.0,**,**,**,**,**,**,**,**,*,42,35,1009.7,29.79,993.1,***,***,0.00,*****,*****,*****,**
727930,24233,202001081406,220,17,***,21,***,*,*,*,10.0,**,**,**,**,**,**,**,**,*,43,35,******,29.80,993.4,***,***,*****,*****,*****,*****,**
727930,24233,202001081453,220,15,24,21,***,*,*,*,10.0,**,**,**,**,**,**,**,**,*,43,36,1010.3,29.81,993.8,***,***,0.00,*****,*****,*****,**
727930,24233,202001081553,220,13,25,22,***,*,*,*,10.0,**,**,**,**,**,**,**,**,*,42,35,1010.8,29.83,994.4,***,***,0.00,*****,*****,*****,**
727930,24233,202001081653,220,13,23,20,***,*,*,*,10.0,**,**,**,**,**,**,**,**,*,42,37,1011.0,29.83,994.4,***,***,0.00,*****,*****,*****,**
727930,24233,202001081753,220,13,***,16,***,*,*,*,10.0,**,**,**,**,**,**,**,**,*,43,37,1011.4,29.84,994.8,43,42,0.00,*****,*****,*****,**
727930,24233,202001081800,220,13,***,***,OVC,*,*,*,10.0,**,**,**,**,**,**,**,**,*,43,37,1011.4,*****,994.3,48,42,*****,*****,*****,*****,**
727930,24233,202001081853,230,17,23,21,***,*,*,*,10.0,**,**,**,**,**,**,**,**,*,43,35,1011.6,29.85,995.1,***,***,0.00,*****,*****,*****,**
727930,24233,202001081953,220,14,21,21,***,*,*,*,10.0,**,**,**,**,**,**,**,**,*,44,36,1011.9,29.86,995.4,***,***,0.00,*****,*****,*****,**
727930,24233,202001082053,220,10,***,22,***,*,*,*,10.0,**,**,**,**,**,**,**,**,*,44,35,1011.7,29.85,995.1,***,***,0.00,*****,*****,*****,**
727930,24233,202001082129,240,13,***,55,***,*,*,*,10.0,61,**,**,**,61,**,**,**,*,43,33,******,29.85,995.1,***,***,0.00T*****,*****,*****,**,
727930,24233,202001082153,250,11,***,55,***,*,*,*,10.0,61,**,**,**,61,**,**,**,*,43,33,1011.6,29.85,995.1,***,***,0.00T*****,*****,*****,**,
727930,24233,202001082229,230,9,***,23,***,*,*,*,10.0,61,**,**,**,61,**,**,**,*,42,33,******,29.86,995.4,***,***,0.00T*****,*****,*****,**,
727930,24233,202001082253,340,8,***,17,***,*,*,*,3.0,61,**,**,**,61,**,**,**,*,40,34,1012.3,29.87,995.8,***,***,0.01,*****,*****,*****,**
727930,24233,202001082344,040,14,***,48,***,*,*,*,10.0,61,**,**,**,61,**,**,**,*,38,34,******,29.88,996.1,***,***,*****,*****,*****,*****,**
727930,24233,202001082353,030,11,***,42,***,*,*,*,10.0,61,**,**,**,61,**,**,**,*,38,34,1012.7,29.88,996.1,44,38,0.00T,0.01,*****,*****,**
727930,24233,202001090000,030,11,***,***,OVC,*,*,*,10.0,61,**,**,**,**,**,**,**,*,38,34,1012.7,*****,995.6,44,38,*****,0.01,*****,*****,**
727930,24233,202001090053,100,8,***,36,***,*,*,*,10.0,**,**,**,**,**,**,**,**,*,38,34,1012.8,29.88,996.1,***,***,*****,*****,*****,*****,**
727930,24233,202001090121,120,9,***,24,***,*,*,*,10.0,**,**,**,**,**,**,**,**,*,38,34,******,29.88,996.1,***,***,*****,*****,*****,*****,**
727930,24233,202001090153,150,7,***,21,***,*,*,*,10.0,61,**,**,**,61,**,**,**,*,38,34,1013.0,29.89,996.4,***,***,*****,*****,*****,*****,**
727930,24233,202001090253,100,9,***,19,***,*,*,*,10.0,**,**,**,**,**,**,**,**,*,37,34,1013.3,29.90,996.8,***,***,*****,*****,*****,*****,**
727930,24233,202001090307,040,9,***,19,***,*,*,*,4.0,71,61,**,**,71,67,61,**,*,37,34,******,29.90,996.8,***,***,*****,*****,*****,*****,**
727930,24233,202001090353,040,6,***,20,***,*,*,*,6.0,61,**,**,**,61,10,**,**,*,37,34,1013.8,29.91,997.1,***,***,0.02,*****,*****,*****,**
727930,24233,202001090432,110,6,***,30,***,*,*,*,10.0,61,**,**,**,61,**,**,**,*,37,34,******,29.91,997.1,***,***,0.01,*****,*****,*****,**
727930,24233,202001090453,110,7,***,49,***,*,*,*,10.0,**,**,**,**,**,**,**,**,*,37,34,1014.1,29.92,997.4,***,***,0.01,*****,*****,*****,**
727930,24233,202001090553,120,6,***,180,***,*,*,*,10.0,**,**,**,**,**,**,**,**,*,36,34,1014.8,29.94,998.1,38,36,0.00,0.03,*****,*****,**
727930,24233,202001090600,120,6,***,***,BKN,*,*,*,10.0,**,**,**,**,**,**,**,**,*,36,34,1014.8,*****,997.6,48,36,*****,0.03,*****,*****,**
727930,24233,202001090602,120,6,***,170,***,*,*,*,10.0,**,**,**,**,**,**,**,**,*,36,34,******,29.95,998.4,***,***,*****,*****,*****,*****,**
727930,24233,202001090619,130,6,***,2,***,*,*,*,6.0,**,**,**,**,10,**,**,**,*,35,33,******,29.95,998.4,***,***,*****,*****,*****,*****,**
727930,24233,202001090627,150,5,***,60,***,*,*,*,10.0,**,**,**,**,**,**,**,**,*,36,33,******,29.96,998.8,***,***,*****,*****,*****,*****,**
727930,24233,202001090653,230,3,***,180,***,*,*,*,10.0,**,**,**,**,**,**,**,**,*,35,33,1015.6,29.97,999.1,***,***,0.00,*****,*****,*****,**
727930,24233,202001090753,190,3,***,722,SCT,*,*,*,7.0,**,**,**,**,**,**,**,**,*,34,32,1016.0,29.98,999.4,45,34,0.00,*****,*****,*****,**
727930,24233,202001090759,***,***,***,***,***,*,*,*,****,**,**,**,**,**,**,**,**,*,****,****,******,*****,******,45,33,*****,*****,0.04,*****,0
727930,24233,202001090853,***,0,***,722,SCT,*,*,*,10.0,**,**,**,**,**,**,**,**,*,34,32,1016.5,29.99,999.8,***,***,0.00,*****,*****,*****,**
727930,24233,202001090953,150,3,***,110,***,*,*,*,10.0,**,**,**,**,**,**,**,**,*,33,30,1016.9,30.00,1000.1,***,***,0.00,*****,*****,*****,**
727930,24233,202001091012,***,0,***,33,***,*,*,*,8.0,**,**,**,**,**,**,**,**,*,33,31,******,30.02,1000.8,***,***,*****,*****,*****,*****,**
727930,24233,202001091053,***,0,***,35,***,*,*,*,7.0,**,**,**,**,**,**,**,**,*,34,32,1018.0,30.04,1001.5,***,***,0.00,*****,*****,*****,**
727930,24233,202001091112,150,3,***,36,***,*,*,*,6.0,**,**,**,**,10,**,**,**,*,34,33,******,30.04,1001.5,***,***,*****,*****,*****,*****,**
727930,24233,202001091153,150,3,***,35,***,*,*,*,7.0,**,**,**,**,**,**,**,**,*,34,33,1018.8,30.06,1002.1,36,32,0.00,*****,0.04,*****,**
727930,24233,202001091200,150,3,***,***,OVC,*,*,*,6.9,**,**,**,**,**,**,**,**,*,34,33,1018.8,*****,1001.6,45,32,*****,*****,0.04,*****,**
727930,24233,202001091248,140,5,***,36,***,*,*,*,7.0,**,**,**,**,**,**,**,**,*,34,34,******,30.06,1002.1,***,***,*****,*****,*****,*****,**
727930,24233,202001091253,130,6,***,37,***,*,*,*,7.0,**,**,**,**,**,**,**,**,*,34,33,1018.9,30.06,1002.1,***,***,0.00,*****,*****,*****,**
727930,24233,202001091353,130,8,***,37,***,*,*,*,7.0,**,**,**,**,**,**,**,**,*,34,33,1019.4,30.07,1002.5,***,***,0.00,*****,*****,*****,**
727930,24233,202001091430,130,8,***,8,***,*,*,*,6.0,**,**,**,**,10,**,**,**,*,34,33,******,30.09,1003.1,***,***,*****,*****,*****,*****,**
727930,24233,202001091453,140,8,***,9,***,*,*,*,6.0,**,**,**,**,10,**,**,**,*,34,33,1020.4,30.10,1003.5,***,***,0.00,*****,*****,*****,**
727930,24233,202001091553,990,6,***,9,***,*,*,*,10.0,**,**,**,**,**,**,**,**,*,35,33,1020.8,30.12,1004.1,***,***,0.00,*****,*****,*****,**
727930,24233,202001091637,150,5,***,5,***,*,*,*,5.0,71,**,**,**,71,10,**,**,*,35,34,******,30.15,1005.1,***,***,0.00T*****,*****,*****,**,
727930,24233,202001091653,140,3,***,5,***,*,*,*,2.5,71,**,**,**,71,10,**,**,*,36,34,1022.0,30.15,1005.1,***,***,0.01,*****,*****,*****,**
727930,24233,202001091714,990,3,***,5,***,*,*,*,3.0,71,61,**,**,71,67,61,10,*,36,34,******,30.16,1005.5,***,***,0.00T*****,*****,*****,**,
727930,24233,202001091751,990,5,***,5,OVC,*,*,*,2.5,71,**,**,**,71,10,**,**,*,36,36,******,30.18,1006.1,***,***,*****,*****,*****,*****,**
727930,24233,202001091753,150,5,***,5,***,*,*,*,3.0,71,**,**,**,71,10,**,**,*,36,35,1023.0,30.18,1006.1,37,34,0.00T,0.01,*****,*****,**
727930,24233,202001091800,150,5,***,***,OVC,*,*,*,3.0,71,**,**,**,**,**,**,**,*,36,35,1023.0,*****,1005.6,37,34,*****,0.01,*****,*****,**
727930,24233,202001091837,190,3,***,5,***,*,*,*,1.0,71,**,**,**,71,10,**,**,*,37,35,******,30.19,1006.5,***,***,0.02,*****,*****,*****,**
727930,24233,202001091853,220,5,***,5,***,*,*,*,1.0,71,**,**,**,71,10,**,**,*,36,35,1023.3,30.19,1006.5,***,***,0.04,*****,*****,*****,**
727930,24233,202001091858,230,3,***,5,***,*,*,*,2.0,71,61,**,**,71,67,61,10,*,36,35,******,30.18,1006.1,***,***,0.01,*****,*****,*****,**
727930,24233,202001091948,***,0,***,5,***,*,*,*,6.0,61,**,**,**,61,10,**,**,*,37,34,******,30.19,1006.5,***,***,0.02,*****,*****,*****,**
727930,24233,202001091953,***,0,***,9,***,*,*,*,6.0,**,**,**,**,10,**,**,**,*,37,35,1023.4,30.19,1006.5,***,***,0.01,*****,*****,*****,**
727930,24233,202001092016,***,0,***,4,***,*,*,*,10.0,**,**,**,**,**,**,**,**,*,37,35,******,30.19,1006.5,***,***,*****,*****,*****,*****,**
727930,24233,202001092051,***,0,***,7,OVC,*,*,*,7.0,**,**,**,**,**,**,**,**,*,37,36,******,30.18,1006.1,***,***,*****,*****,*****,*****,**
727930,24233,202001092053,***,0,***,7,***,*,*,*,7.0,**,**,**,**,**,**,**,**,*,38,35,1023.1,30.18,1006.1,***,***,0.00,*****,*****,0.05,**
727930,24233,202001092153,***,0,***,5,***,*,*,*,7.0,**,**,**,**,**,**,**,**,*,39,35,1023.3,30.19,1006.5,***,***,0.00,*****,*****,*****,**
727930,24233,202001092238,990,3,***,12,***,*,*,*,10.0,**,**,**,**,**,**,**,**,*,39,34,******,30.21,1007.1,***,***,*****,*****,*****,*****,**
727930,24233,202001092253,050,3,***,15,***,*,*,*,10.0,**,**,**,**,**,**,**,**,*,39,35,1023.8,30.21,1007.1,***,***,0.00,*****,*****,*****,**
727930,24233,202001092310,***,0,***,220,***,*,*,*,10.0,**,**,**,**,**,**,**,**,*,39,35,******,30.22,1007.5,***,***,*****,*****,*****,*****,**
727930,24233,202001092353,***,0,***,220,***,*,*,*,10.0,**,**,**,**,**,**,**,**,*,39,33,1024.7,30.23,1007.8,39,36,0.00,0.05,*****,*****,**
727930,24233,202001100000,***,0,***,***,OVC,*,*,*,10.0,**,**,**,**,**,**,**,**,*,39,33,1024.7,*****,1007.3,39,32,*****,0.04,*****,*****,**
727930,24233,202001100053,190,3,***,200,***,*,*,*,9.1,**,**,**,**,**,**,**,**,*,38,35,1025.0,30.24,1008.1,***,***,0.00,*****,*****,*****,**
727930,24233,202001100153,160,5,***,150,***,*,*,*,10.0,**,**,**,**,**,**,**,**,*,37,34,1025.3,30.25,1008.5,***,***,0.00,*****,*****,*****,**
727930,24233,202001100253,140,7,***,160,***,*,*,*,8.0,**,**,**,**,**,**,**,**,*,37,34,1024.9,30.24,1008.1,***,***,0.00,*****,*****,*****,**
727930,24233,202001100351,130,7,***,140,OVC,*,*,*,8.0,**,**,**,**,**,**,**,**,*,36,34,******,30.23,1007.8,***,***,*****,*****,*****,*****,**
727930,24233,202001100353,130,7,***,140,***,*,*,*,8.0,**,**,**,**,**,**,**,**,*,36,33,1024.8,30.23,1007.8,***,***,0.00,*****,*****,*****,**
727930,24233,202001100453,160,8,***,200,***,*,*,*,10.0,**,**,**,**,**,**,**,**,*,36,33,1024.4,30.22,1007.5,***,***,0.00,*****,*****,*****,**
727930,24233,202001100553,990,5,***,722,SCT,*,*,*,10.0,**,**,**,**,**,**,**,**,*,35,32,1024.6,30.23,1007.8,39,34,0.00,*****,*****,*****,**
727930,24233,202001100600,***,5,***,722,SCT,*,*,*,10.0,**,**,**,**,**,**,**,**,*,35,32,1024.6,*****,1007.3,39,32,*****,*****,*****,*****,**
727930,24233,202001100651,140,6,***,24,OVC,*,*,*,8.0,**,**,**,**,**,**,**,**,*,36,34,******,30.22,1007.5,***,***,*****,*****,*****,*****,**
727930,24233,202001100653,150,6,***,24,***,*,*,*,8.0,**,**,**,**,**,**,**,**,*,35,33,1024.4,30.22,1007.5,***,***,0.00,*****,*****,*****,**
727930,24233,202001100753,130,8,***,29,***,*,*,*,9.1,**,**,**,**,**,**,**,**,*,36,33,1024.0,30.21,1007.1,39,32,0.00,*****,*****,*****,**
727930,24233,202001100759,***,***,***,***,***,*,*,*,****,**,**,**,**,**,**,**,**,*,****,****,******,*****,******,39,32,*****,*****,0.06,*****,0
727930,24233,202001100800,130,9,***,90,***,*,*,*,10.0,**,**,**,**,**,**,**,**,*,35,33,******,30.21,1007.1,***,***,*****,*****,*****,*****,**
727930,24233,202001100849,150,8,***,26,***,*,*,*,10.0,**,**,**,**,**,**,**,**,*,36,34,******,30.19,1006.5,***,***,*****,*****,*****,*****,**
727930,24233,202001100853,140,9,***,26,***,*,*,*,10.0,**,**,**,**,**,**,**,**,*,36,33,1023.2,30.19,1006.5,***,***,0.00,*****,*****,*****,**
727930,24233,202001100953,140,8,***,50,***,*,*,*,10.0,**,**,**,**,**,**,**,**,*,36,33,1022.2,30.16,1005.5,***,***,0.00,*****,*****,*****,**
727930,24233,202001101031,140,6,***,27,***,*,*,*,10.0,61,**,**,**,61,**,**,**,*,36,33,******,30.15,1005.1,***,***,0.00T*****,*****,*****,**,
727930,24233,202001101053,170,6,***,19,***,*,*,*,5.0,71,**,**,**,71,10,**,**,*,35,33,1021.6,30.14,1004.8,***,***,0.01,*****,*****,*****,**
727930,24233,202001101126,140,11,***,39,***,*,*,*,9.1,71,**,**,**,71,**,**,**,*,36,33,******,30.12,1004.1,***,***,0.01,*****,*****,*****,**
727930,24233,202001101153,140,11,***,43,***,*,*,*,10.0,**,**,**,**,**,**,**,**,*,37,33,1020.4,30.11,1003.8,37,35,0.01,0.02,0.08,*****,**
727930,24233,202001101200,140,11,***,***,OVC,*,*,*,10.0,**,**,**,**,**,**,**,**,*,37,33,1020.4,*****,1003.3,39,34,*****,0.02,0.08,*****,**
727930,24233,202001101253,130,11,***,48,***,*,*,*,10.0,**,**,**,**,**,**,**,**,*,37,33,1018.6,30.05,1001.8,***,***,0.00,*****,*****,*****,**
727930,24233,202001101353,130,11,***,44,OVC,*,*,*,10.0,**,**,**,**,**,**,**,**,*,37,33,1016.9,30.00,1000.1,***,***,0.00,*****,*****,*****,**
727930,24233,202001101453,140,9,***,40,OVC,*,*,*,10.0,61,**,**,**,61,**,**,**,*,38,33,1014.9,29.95,998.4,***,***,0.00T*****,*****,0.00T**,,
727930,24233,202001101543,140,10,***,29,OVC,*,*,*,10.0,61,**,**,**,61,**,**,**,*,38,34,******,29.89,996.4,***,***,*****,*****,*****,*****,**
727930,24233,202001101553,140,13,***,29,OVC,*,*,*,6.0,61,**,**,**,61,10,**,**,*,38,34,1012.8,29.88,996.1,***,***,0.01,*****,*****,*****,**
727930,24233,202001101653,140,10,***,26,***,*,*,*,6.0,61,**,**,**,61,10,**,**,*,40,36,1011.2,29.84,994.8,***,***,0.03,*****,*****,*****,**
727930,24233,202001101753,110,10,***,26,***,*,*,*,7.0,61,**,**,**,61,**,**,**,*,39,36,1010.2,29.81,993.8,40,36,0.02,0.06,*****,*****,**
727930,24233,202001101800,110,10,***,***,OVC,*,*,*,6.9,61,**,**,**,**,**,**,**,*,39,36,1010.2,*****,993.3,40,36,*****,0.08,*****,*****,**
727930,24233,202001101853,140,10,***,28,***,*,*,*,7.0,61,**,**,**,61,**,**,**,*,41,37,1008.6,29.76,992.1,***,***,0.02,*****,*****,*****,**
727930,24233,202001101901,140,10,***,30,***,*,*,*,8.0,61,**,**,**,61,**,**,**,*,41,37,******,29.75,991.8,***,***,0.00T*****,*****,*****,**,
727930,24233,202001101953,140,11,***,32,***,*,*,*,6.0,61,**,**,**,61,10,**,**,*,42,39,1006.6,29.70,990.1,***,***,0.05,*****,*****,*****,**
727930,24233,202001102011,150,11,***,29,***,*,*,*,6.0,61,**,**,**,61,10,**,**,*,43,40,******,29.68,989.4,***,***,0.03,*****,*****,*****,**
727930,24233,202001102053,170,13,***,29,***,*,*,*,6.0,61,**,**,**,61,10,**,**,*,43,41,1005.5,29.67,989.1,***,***,0.10,*****,*****,0.16,**
727930,24233,202001102153,190,15,24,18,***,*,*,*,10.0,61,**,**,**,61,**,**,**,*,44,40,1005.6,29.67,989.1,***,***,0.06,*****,*****,*****,**
727930,24233,202001102215,170,13,***,30,***,*,*,*,10.0,61,**,**,**,61,**,**,**,*,44,40,******,29.67,989.1,***,***,0.00T*****,*****,*****,**,
727930,24233,202001102233,190,14,29,28,***,*,*,*,10.0,**,**,**,**,**,**,**,**,*,44,39,******,29.68,989.4,***,***,0.00T*****,*****,*****,**,
727930,24233,202001102253,180,17,24,21,***,*,*,*,8.0,**,**,**,**,**,**,**,**,*,44,39,1005.3,29.66,988.7,***,***,0.00T*****,*****,*****,**,
727930,24233,202001102353,200,8,***,21,***,*,*,*,7.0,61,**,**,**,61,**,**,**,*,43,40,1005.6,29.67,989.1,44,39,0.04,0.26,*****,*****,**
727930,24233,202001110000,200,8,***,***,OVC,*,*,*,6.9,61,**,**,**,**,**,**,**,*,43,40,1005.6,*****,988.6,44,35,*****,0.28,*****,*****,**
727930,24233,202001110053,150,16,***,22,***,*,*,*,9.1,61,**,**,**,61,**,**,**,*,43,40,1004.7,29.64,988.1,***,***,0.04,*****,*****,*****,**
727930,24233,202001110151,160,15,***,31,OVC,*,*,*,10.0,61,**,**,**,61,**,**,**,*,43,43,******,29.61,987.1,***,***,*****,*****,*****,*****,**
727930,24233,202001110153,150,15,***,31,***,*,*,*,10.0,61,**,**,**,61,**,**,**,*,43,42,1003.6,29.61,987.1,***,***,0.01,*****,*****,*****,**
727930,24233,202001110253,170,18,25,32,***,*,*,*,6.0,61,**,**,**,61,10,**,**,*,44,41,1003.1,29.60,986.7,***,***,0.03,*****,*****,0.09,**
727930,24233,202001110351,170,16,30,29,***,*,*,*,10.0,61,**,**,**,61,**,**,**,*,45,39,******,29.59,986.4,***,***,0.02,*****,*****,*****,**
727930,24233,202001110353,160,22,30,29,***,*,*,*,10.0,61,**,**,**,61,**,**,**,*,44,40,1002.8,29.59,986.4,***,***,0.03,*****,*****,*****,**
727930,24233,202001110418,170,17,25,36,***,*,*,*,10.0,61,**,**,**,61,**,**,**,*,44,40,******,29.59,986.4,***,***,0.01,*****,*****,*****,**
727930,24233,202001110453,160,18,***,35,***,*,*,*,9.1,61,**,**,**,61,**,**,**,*,44,40,1002.6,29.58,986.1,***,***,0.01,*****,*****,*****,**
727930,24233,202001110553,170,17,26,35,***,*,*,*,10.0,61,**,**,**,61,**,**,**,*,44,40,1002.2,29.57,985.7,44,43,0.01,0.14,*****,*****,**
727930,24233,202001110600,170,17,***,***,OVC,*,*,*,10.0,61,**,**,**,**,**,**,**,*,44,40,1002.2,*****,985.2,44,35,*****,0.16,*****,*****,**
727930,24233,202001110653,170,14,***,36,***,*,*,*,10.0,61,**,**,**,61,**,**,**,*,44,41,1002.4,29.58,986.1,***,***,0.01,*****,*****,*****,**
727930,24233,202001110700,170,15,23,22,***,*,*,*,10.0,61,**,**,**,61,**,**,**,*,44,41,******,29.58,986.1,***,***,0.00T*****,*****,*****,**,
727930,24233,202001110753,190,16,29,21,***,*,*,*,10.0,61,**,**,**,61,**,**,**,*,44,40,1002.2,29.57,985.7,44,35,0.01,*****,*****,*****,**
727930,24233,202001110759,***,***,***,***,***,*,*,*,****,**,**,**,**,**,**,**,**,*,****,****,******,*****,******,44,35,*****,*****,0.50,*****,0
727930,24233,202001110853,170,20,26,27,***,*,*,*,10.0,61,**,**,**,61,**,**,**,*,44,39,1001.7,29.56,985.4,***,***,0.00T*****,*****,0.02,**,
727930,24233,202001110953,190,16,28,28,OVC,*,*,*,10.0,61,**,**,**,61,**,**,**,*,44,39,1001.5,29.55,985.1,***,***,0.00T*****,*****,*****,**,
727930,24233,202001111000,180,21,28,33,OVC,*,*,*,10.0,61,**,**,**,61,**,**,**,*,43,39,******,29.55,985.1,***,***,*****,*****,*****,*****,**
727930,24233,202001111039,170,18,23,17,OVC,*,*,*,10.0,61,**,**,**,61,**,**,**,*,43,39,******,29.56,985.4,***,***,*****,*****,*****,*****,**
727930,24233,202001111053,190,16,24,15,OVC,*,*,*,7.0,61,**,**,**,61,**,**,**,*,43,39,1001.8,29.56,985.4,***,***,0.01,*****,*****,*****,**
727930,24233,202001111153,190,21,28,15,OVC,*,*,*,9.1,**,**,**,**,**,**,**,**,*,44,40,1001.7,29.56,985.4,***,***,0.02,0.05,0.51,*****,**
727930,24233,202001111203,180,17,26,13,OVC,*,*,*,8.0,**,**,**,**,**,**,**,**,*,44,40,******,29.56,985.4,***,***,*****,*****,*****,*****,**
727930,24233,202001111253,210,13,***,10,OVC,*,*,*,10.0,**,**,**,**,**,**,**,**,*,44,41,1002.5,29.58,986.1,***,***,0.00,*****,*****,*****,**
727930,24233,202001111353,250,9,***,10,OVC,*,*,*,10.0,**,**,**,**,**,**,**,**,*,46,43,1004.2,29.63,987.7,***,***,0.00,*****,*****,*****,**
727930,24233,202001111453,220,6,***,10,OVC,*,*,*,10.0,**,**,**,**,**,**,**,**,*,45,42,1005.6,29.67,989.1,***,***,0.00,*****,*****,*****,**
727930,24233,202001111553,230,7,***,10,OVC,*,*,*,10.0,**,**,**,**,**,**,**,**,*,45,41,1007.2,29.72,990.8,***,***,0.00,*****,*****,*****,**
727930,24233,202001111609,210,13,***,28,OVC,*,*,*,9.1,61,**,**,**,61,**,**,**,*,45,41,******,29.73,991.1,***,***,*****,*****,*****,*****,**
727930,24233,202001111632,220,11,***,12,OVC,*,*,*,10.0,**,**,**,**,**,**,**,**,*,44,40,******,29.75,991.8,***,***,*****,*****,*****,*****,**
727930,24233,202001111653,220,10,***,13,OVC,*,*,*,10.0,**,**,**,**,**,**,**,**,*,44,39,1008.8,29.77,992.4,***,***,0.00T*****,*****,*****,**,
727930,24233,202001111753,230,13,***,14,OVC,*,*,*,10.0,**,**,**,**,**,**,**,**,*,44,39,1010.2,29.81,993.8,***,***,0.00,0.00T*****,*****,**,
727930,24233,202001111853,240,14,***,16,OVC,*,*,*,10.0,**,**,**,**,**,**,**,**,*,45,39,1011.2,29.84,994.8,***,***,0.00,*****,*****,*****,**
727930,24233,202001111953,220,10,***,16,OVC,*,*,*,10.0,**,**,**,**,**,**,**,**,*,45,38,1011.9,29.86,995.4,***,***,0.00,*****,*****,*****,**
727930,24233,202001112053,230,17,***,21,OVC,*,*,*,10.0,**,**,**,**,**,**,**,**,*,45,37,1012.1,29.87,995.8,***,***,0.00,*****,*****,*****,**
727930,24233,202001112146,210,18,***,30,OVC,*,*,*,10.0,**,**,**,**,**,**,**,**,*,45,35,******,29.87,995.8,***,***,*****,*****,*****,*****,**
727930,24233,202001112153,210,20,25,32,OVC,*,*,*,10.0,**,**,**,**,**,**,**,**,*,45,34,1012.4,29.87,995.8,***,***,0.00,*****,*****,*****,**
727930,24233,202001112253,210,22,28,200,OVC,*,*,*,10.0,**,**,**,**,**,**,**,**,*,45,33,1013.0,29.89,996.4,***,***,0.00,*****,*****,*****,**
727930,24233,202001112353,220,18,30,140,BKN,*,*,*,10.0,**,**,**,**,**,**,**,**,*,44,33,1013.9,29.92,997.4,***,***,0.00,*****,*****,*****,**
727930,24233,202001120053,220,18,***,120,OVC,*,*,*,10.0,**,**,**,**,**,**,**,**,*,44,34,1014.3,29.93,997.8,***,***,0.00,*****,*****,*****,**
727930,24233,202001120153,220,17,29,95,OVC,*,*,*,10.0,**,**,**,**,**,**,**,**,*,44,35,1014.5,29.94,998.1,***,***,0.00,*****,*****,*****,**
727930,24233,202001120211,220,18,24,23,OVC,*,*,*,10.0,**,**,**,**,**,**,**,**,*,44,36,******,29.94,998.1,***,***,*****,*****,*****,*****,**
727930,24233,202001120253,230,16,23,22,OVC,*,*,*,10.0,**,**,**,**,**,**,**,**,*,43,36,1014.6,29.94,998.1,***,***,0.00,*****,*****,*****,**
727930,24233,202001120353,200,13,***,18,OVC,*,*,*,8.0,61,**,**,**,61,**,**,**,*,41,37,1014.4,29.93,997.8,***,***,0.01,*****,*****,*****,**
727930,24233,202001120453,200,14,***,18,OVC,*,*,*,10.0,61,**,**,**,61,**,**,**,*,41,37,1013.9,29.92,997.4,***,***,0.00T*****,*****,*****,**,
727930,24233,202001120455,210,11,***,18,OVC,*,*,*,10.0,61,**,**,**,61,**,**,**,*,41,37,******,29.92,997.4,***,***,*****,*****,*****,*****,**
727930,24233,202001120521,210,14,***,13,OVC,*,*,*,10.0,**,**,**,**,**,**,**,**,*,41,38,******,29.91,997.1,***,***,*****,*****,*****,*****,**
727930,24233,202001120553,210,13,***,10,OVC,*,*,*,10.0,61,**,**,**,61,**,**,**,*,40,37,1013.3,29.90,996.8,***,***,0.00T,0.01,*****,*****,**
727930,24233,202001120653,210,11,24,10,OVC,*,*,*,9.1,61,**,**,**,61,**,**,**,*,40,37,1012.5,29.88,996.1,***,***,0.05,*****,*****,*****,**
727930,24233,202001120709,190,17,***,9,OVC,*,*,*,10.0,61,**,**,**,61,**,**,**,*,39,36,******,29.86,995.4,***,***,*****,*****,*****,*****,**
727930,24233,202001120753,200,14,***,9,OVC,*,*,*,6.0,**,**,**,**,10,**,**,**,*,39,36,1010.9,29.83,994.4,***,***,0.00T*****,*****,*****,**,
727930,24233,202001120759,***,***,***,***,***,*,*,*,****,**,**,**,**,**,**,**,**,*,****,****,******,*****,******,46,39,*****,*****,0.09,*****,0
727930,24233,202001120828,200,16,24,11,OVC,*,*,*,10.0,**,**,**,**,**,**,**,**,*,40,36,******,29.82,994.1,***,***,*****,*****,*****,*****,**
727930,24233,202001120853,200,16,24,11,OVC,*,*,*,10.0,**,**,**,**,**,**,**,**,*,40,36,1010.1,29.81,993.8,***,***,0.00,*****,*****,0.05,**
727930,24233,202001120953,180,17,***,12,OVC,*,*,*,10.0,**,**,**,**,**,**,**,**,*,39,35,1009.0,29.77,992.4,***,***,0.00,*****,*****,*****,**
727930,24233,202001121038,180,13,***,25,OVC,*,*,*,10.0,**,**,**,**,**,**,**,**,*,40,35,******,29.76,992.1,***,***,*****,*****,*****,*****,**
727930,24233,202001121053,170,17,***,25,OVC,*,*,*,10.0,61,**,**,**,61,**,**,**,*,40,35,1008.0,29.74,991.4,***,***,0.00T*****,*****,*****,**,
727930,24233,202001121153,170,16,***,27,OVC,*,*,*,9.1,61,**,**,**,61,**,**,**,*,40,36,1006.3,29.69,989.8,***,***,0.01,0.06,0.07,*****,**
727930,24233,202001121253,180,14,***,27,OVC,*,*,*,7.0,61,**,**,**,61,**,**,**,*,40,37,1004.6,29.64,988.1,***,***,0.04,*****,*****,*****,**
727930,24233,202001121353,180,18,***,25,OVC,*,*,*,10.0,61,**,**,**,61,**,**,**,*,41,37,1003.6,29.62,987.4,***,***,0.00T*****,*****,*****,**,
727930,24233,202001121421,190,18,23,12,OVC,*,*,*,6.0,61,**,**,**,61,10,**,**,*,41,38,******,29.61,987.1,***,***,*****,*****,*****,*****,**
727930,24233,202001121453,180,16,32,12,OVC,*,*,*,10.0,**,**,**,**,**,**,**,**,*,41,37,1002.5,29.58,986.1,***,***,0.09,*****,*****,0.13,**
727930,24233,202001121553,180,17,***,12,OVC,*,*,*,10.0,**,**,**,**,**,**,**,**,*,41,38,1001.9,29.56,985.4,***,***,0.01,*****,*****,*****,**
727930,24233,202001121653,180,17,26,12,OVC,*,*,*,10.0,**,**,**,**,**,**,**,**,*,42,39,1001.0,29.54,984.7,***,***,0.00T*****,*****,*****,**,
727930,24233,202001121753,200,14,***,12,OVC,*,*,*,4.0,65,**,**,**,62,10,**,**,*,42,40,1001.0,29.53,984.4,***,***,0.02,0.15,*****,*****,**
727930,24233,202001121853,180,16,24,17,BKN,*,*,*,10.0,**,**,**,**,**,**,**,**,*,42,38,1000.2,29.51,983.7,***,***,0.01,*****,*****,*****,**
727930,24233,202001121953,210,15,28,12,OVC,*,*,*,10.0,**,**,**,**,**,**,**,**,*,43,38,999.3,29.49,983.1,***,***,0.00,*****,*****,*****,**
727930,24233,202001122053,220,18,37,25,BKN,*,*,*,10.0,**,**,**,**,**,**,**,**,*,44,36,999.0,29.48,982.7,***,***,0.00,*****,*****,0.02,**
727930,24233,202001122151,230,16,30,722,SCT,*,*,*,10.0,**,**,**,**,**,**,**,**,*,45,34,******,29.49,983.1,***,***,*****,*****,*****,*****,**
727930,24233,202001122153,240,17,33,722,SCT,*,*,*,10.0,**,**,**,**,**,**,**,**,*,44,33,999.5,29.49,983.1,***,***,0.00,*****,*****,*****,**
727930,24233,202001122253,220,17,33,30,BKN,*,*,*,10.0,**,**,**,**,**,**,**,**,*,42,32,1000.8,29.53,984.4,***,***,0.00,*****,*****,*****,**
727930,24233,202001122353,220,17,26,100,BKN,*,*,*,10.0,**,**,**,**,**,**,**,**,*,40,31,1001.5,29.55,985.1,***,***,0.00,0.02,*****,*****,**
727930,24233,202001130019,220,15,24,24,BKN,*,*,*,10.0,**,**,**,**,**,**,**,**,*,40,31,******,29.55,985.1,***,***,*****,*****,*****,*****,**
727930,24233,202001130053,210,11,24,23,BKN,*,*,*,10.0,**,**,**,**,**,**,**,**,*,39,31,1001.8,29.56,985.4,***,***,0.00,*****,*****,*****,**
727930,24233,202001130153,210,15,24,21,BKN,*,*,*,10.0,**,**,**,**,**,**,**,**,*,38,31,1002.0,29.56,985.4,***,***,0.00,*****,*****,*****,**
727930,24233,202001130207,210,14,25,120,BKN,*,*,*,10.0,**,**,**,**,**,**,**,**,*,38,29,******,29.57,985.7,***,***,*****,*****,*****,*****,**
727930,24233,202001130253,210,17,25,31,BKN,*,*,*,10.0,**,**,**,**,**,**,**,**,*,38,29,1002.9,29.59,986.4,***,***,0.00,*****,*****,*****,**
727930,24233,202001130351,230,14,24,26,OVC,*,*,*,10.0,**,**,**,**,**,**,**,**,*,37,28,******,29.61,987.1,***,***,*****,*****,*****,*****,**
727930,24233,202001130353,210,14,24,26,OVC,*,*,*,10.0,**,**,**,**,**,**,**,**,*,37,29,1003.6,29.61,987.1,***,***,0.00,*****,*****,*****,**
727930,24233,202001130453,220,13,23,19,OVC,*,*,*,10.0,**,**,**,**,**,**,**,**,*,37,30,1004.7,29.64,988.1,***,***,0.00,*****,*****,*****,**
727930,24233,202001130553,240,7,***,23,OVC,*,*,*,10.0,**,**,**,**,**,**,**,**,*,36,28,1005.8,29.68,989.4,***,***,0.00,*****,*****,*****,**
727930,24233,202001130651,240,10,***,32,OVC,*,*,*,10.0,**,**,**,**,**,**,**,**,*,36,27,******,29.71,990.4,***,***,*****,*****,*****,*****,**
727930,24233,202001130653,250,14,***,32,OVC,*,*,*,10.0,**,**,**,**,**,**,**,**,*,35,27,1006.9,29.71,990.4,***,***,0.00,*****,*****,*****,**
727930,24233,202001130716,240,9,***,23,OVC,*,*,*,10.0,**,**,**,**,**,**,**,**,*,35,27,******,29.72,990.8,***,***,*****,*****,*****,*****,**
727930,24233,202001130753,020,8,***,17,OVC,*,*,*,7.0,71,**,**,**,71,**,**,**,*,33,28,1008.0,29.74,991.4,***,***,0.00T*****,*****,*****,**,
727930,24233,202001130759,***,***,***,***,***,*,*,*,****,**,**,**,**,**,**,**,**,*,****,****,******,*****,******,45,33,*****,*****,0.18,*****,0
727930,24233,202001130853,210,8,***,19,BKN,*,*,*,7.0,**,**,**,**,**,**,**,**,*,34,28,1008.6,29.76,992.1,***,***,0.00T*****,*****,0.00T**,,
727930,24233,202001130919,220,9,***,32,BKN,*,*,*,10.0,**,**,**,**,**,**,**,**,*,34,26,******,29.76,992.1,***,***,*****,*****,*****,*****,**
727930,24233,202001130953,220,13,***,80,OVC,*,*,*,10.0,**,**,**,**,**,**,**,**,*,34,26,1009.4,29.78,992.8,***,***,*****,*****,*****,*****,**
727930,24233,202001131053,230,10,***,23,OVC,*,*,*,10.0,**,**,**,**,**,**,**,**,*,34,27,1010.2,29.81,993.8,***,***,*****,*****,*****,*****,**
727930,24233,202001131153,220,13,***,21,BKN,*,*,*,10.0,**,**,**,**,**,**,**,**,*,34,26,1010.8,29.82,994.1,***,***,*****,0.00T,0.17,*****,**
727930,24233,202001131253,190,7,16,19,OVC,*,*,*,10.0,**,**,**,**,**,**,**,**,*,34,27,1011.2,29.83,994.4,***,***,*****,*****,*****,*****,**
727930,24233,202001131327,180,11,***,14,OVC,*,*,*,10.0,**,**,**,**,**,**,**,**,*,33,28,******,29.83,994.4,***,***,*****,*****,*****,*****,**
727930,24233,202001131353,170,13,***,16,OVC,*,*,*,10.0,71,**,**,**,71,**,**,**,*,33,28,1011.0,29.83,994.4,***,***,0.00T*****,*****,*****,**,
727930,24233,202001131453,180,11,***,24,OVC,*,*,*,10.0,**,**,**,**,**,**,**,**,*,34,28,1011.0,29.83,994.4,***,***,0.00T*****,*****,0.00T**,,
727930,24233,202001131553,190,10,***,15,OVC,*,*,*,4.0,71,**,**,**,71,**,**,**,*,34,29,1010.9,29.82,994.1,***,***,0.00T*****,*****,*****,**,
727930,24233,202001131608,200,10,***,13,OVC,*,*,*,4.0,71,**,**,**,71,10,**,**,*,34,30,******,29.82,994.1,***,***,*****,*****,*****,*****,**
727930,24233,202001131653,180,10,***,11,OVC,*,*,*,9.1,**,**,**,**,**,**,**,**,*,34,31,1011.2,29.83,994.4,***,***,0.00T*****,*****,*****,**,
727930,24233,202001131739,190,9,***,8,OVC,*,*,*,8.0,**,**,**,**,**,**,**,**,*,34,31,******,29.84,994.8,***,***,*****,*****,*****,*****,**
727930,24233,202001131753,180,13,***,9,OVC,*,*,*,7.0,71,**,**,**,71,**,**,**,*,34,31,1011.6,29.85,995.1,***,***,0.00T,0.00T*****,*****,**,
727930,24233,202001131853,190,7,***,7,OVC,*,*,*,4.0,71,**,**,**,71,**,**,**,*,35,33,1011.9,29.85,995.1,***,***,0.00T*****,*****,*****,**,
727930,24233,202001131910,170,8,***,7,OVC,*,*,*,0.5,71,**,**,**,71,**,**,**,*,34,32,******,29.85,995.1,***,***,*****,*****,*****,*****,**
727930,24233,202001131930,170,5,***,18,OVC,*,*,*,0.5,73,**,**,**,72,**,**,**,*,33,32,******,29.85,995.1,***,***,*****,*****,*****,*****,**
727930,24233,202001131953,190,7,***,18,OVC,*,*,*,1.0,71,**,**,**,71,10,**,**,*,34,32,1011.4,29.84,994.8,***,***,0.06,*****,*****,*****,**
727930,24233,202001132019,180,6,***,8,OVC,*,*,*,1.0,71,**,**,**,71,10,**,**,*,34,32,******,29.83,994.4,***,***,*****,*****,*****,*****,**
727930,24233,202001132053,180,6,***,8,OVC,*,*,*,2.0,71,61,**,**,71,61,10,**,*,34,32,1010.5,29.81,993.8,***,***,0.01,*****,*****,0.07,**
727930,24233,202001132122,150,6,***,8,OVC,*,*,*,4.0,**,**,**,**,10,**,**,**,*,35,33,******,29.80,993.4,***,***,*****,*****,*****,*****,**
727930,24233,202001132143,180,6,***,13,OVC,*,*,*,6.0,**,**,**,**,10,**,**,**,*,36,33,******,29.80,993.4,***,***,*****,*****,*****,*****,**
727930,24233,202001132153,190,5,***,13,OVC,*,*,*,7.0,71,61,**,**,71,61,**,**,*,36,34,1009.9,29.79,993.1,***,***,0.00T*****,*****,*****,**,
727930,24233,202001132209,180,6,***,15,OVC,*,*,*,10.0,**,**,**,**,**,**,**,**,*,37,34,******,29.79,993.1,***,***,*****,*****,*****,*****,**
727930,24233,202001132225,190,5,***,16,OVC,*,*,*,9.1,71,61,**,**,71,61,**,**,*,37,34,******,29.79,993.1,***,***,*****,*****,*****,*****,**
727930,24233,202001132232,***,0,***,12,OVC,*,*,*,4.0,71,61,**,**,71,61,**,**,*,37,34,******,29.79,993.1,***,***,*****,*****,*****,*****,**
727930,24233,202001132243,350,8,***,3,OVC,*,*,*,3.0,71,61,**,**,71,61,**,**,*,35,32,******,29.79,993.1,***,***,*****,*****,*****,*****,**
727930,24233,202001132253,350,7,***,3,OVC,*,*,*,3.0,71,61,**,**,71,61,**,**,*,35,33,1009.8,29.79,993.1,***,***,0.00T*****,*****,*****,**,
727930,24233,202001132318,360,8,***,2,OVC,*,*,*,2.5,71,61,**,**,71,61,**,**,*,34,32,******,29.80,993.4,***,***,*****,*****,*****,*****,**
727930,24233,202001132351,340,8,***,16,OVC,*,*,*,1.5,71,**,**,**,71,10,**,**,*,34,32,******,29.79,993.1,***,***,*****,*****,*****,*****,**
727930,24233,202001132353,350,8,***,2,OVC,*,*,*,1.5,71,**,**,**,71,10,**,**,*,34,32,1010.0,29.80,993.4,***,***,0.00T,0.07,*****,*****,**
727930,24233,202001132357,350,8,***,2,OVC,*,*,*,1.0,71,**,**,**,71,10,**,**,*,33,32,******,29.80,993.4,***,***,*****,*****,*****,*****,**
727930,24233,202001140035,350,8,***,2,OVC,*,*,*,1.8,71,**,**,**,71,10,**,**,*,33,31,******,29.80,993.4,***,***,*****,*****,*****,*****,**
727930,24233,202001140045,360,9,***,4,OVC,*,*,*,3.0,71,**,**,**,71,10,**,**,*,33,31,******,29.80,993.4,***,***,*****,*****,*****,*****,**
727930,24233,202001140053,360,10,***,4,OVC,*,*,*,5.0,71,**,**,**,71,10,**,**,*,32,30,1009.9,29.79,993.1,***,***,0.01,*****,*****,*****,**
727930,24233,202001140108,350,9,***,13,OVC,*,*,*,8.0,**,**,**,**,**,**,**,**,*,32,30,******,29.79,993.1,***,***,*****,*****,*****,*****,**
727930,24233,202001140153,010,9,***,12,OVC,*,*,*,10.0,**,**,**,**,**,**,**,**,*,32,29,1009.9,29.79,993.1,***,***,0.00T*****,*****,*****,**,
727930,24233,202001140202,350,9,***,32,OVC,*,*,*,10.0,**,**,**,**,**,**,**,**,*,32,29,******,29.79,993.1,***,***,*****,*****,*****,*****,**
727930,24233,202001140253,010,10,***,30,OVC,*,*,*,10.0,**,**,**,**,**,**,**,**,*,31,28,1009.5,29.78,992.8,***,***,*****,*****,*****,0.01,**
727930,24233,202001140317,360,9,***,10,OVC,*,*,*,10.0,**,**,**,**,**,**,**,**,*,31,28,******,29.79,993.1,***,***,*****,*****,*****,*****,**
727930,24233,202001140353,010,9,***,26,OVC,*,*,*,6.0,71,**,**,**,71,10,**,**,*,31,28,1009.7,29.79,993.1,***,***,0.00T*****,*****,*****,**,
727930,24233,202001140453,020,11,***,25,OVC,*,*,*,5.0,71,**,**,**,71,10,**,**,*,31,27,1009.8,29.79,993.1,***,***,0.00T*****,*****,*****,**,
727930,24233,202001140524,030,10,***,7,OVC,*,*,*,4.0,71,**,**,**,71,10,**,**,*,31,27,******,29.79,993.1,***,***,*****,*****,*****,*****,**
727930,24233,202001140553,010,11,***,7,OVC,*,*,*,5.0,71,**,**,**,71,10,**,**,*,30,27,1009.9,29.79,993.1,***,***,0.00T,0.01,*****,*****,**
727930,24233,202001140627,040,11,***,6,OVC,*,*,*,1.0,71,**,**,**,71,10,**,**,*,30,27,******,29.79,993.1,***,***,*****,*****,*****,*****,**
727930,24233,202001140644,020,11,***,6,OVC,*,*,*,2.0,71,**,**,**,71,10,**,**,*,30,27,******,29.80,993.4,***,***,*****,*****,*****,*****,**
727930,24233,202001140653,020,11,***,6,OVC,*,*,*,2.0,**,**,**,**,10,**,**,**,*,30,27,1010.0,29.80,993.4,***,***,0.01,*****,*****,*****,**
727930,24233,202001140753,030,10,***,6,OVC,*,*,*,2.0,71,**,**,**,71,10,**,**,*,30,27,1010.1,29.80,993.4,***,***,0.00T*****,*****,*****,**,