"Date","HourPST","Min°F","Avg°F","Max°F","DewPoint°F","RelHum%","TotPrecin","Speedmph","Gustmph","Dir°","LeafWetu.","SolarRadW/m²","8 in. SoilTmp°F","Atm.Press.inHg","2nd AirTempAvg°F"
"2015-08-01","01:00","61.7","62.2","62.5","47.1","57.7","0.00","0.4","2.8","NW","0.00","0","78.4","30.00","62.2"
"2015-08-01","02:00","60.2","60.7","61.2","47.0","60.7","0.00","0.0","0.0","N","0.00","0","77.9","30.00","60.6"
"2015-08-01","03:00","59.8","60.1","60.5","46.3","60.2","0.00","0.0","0.0","N","0.00","0","77.4","30.00","60.1"
"2015-08-01","04:00","58.5","58.8","59.3","46.7","64.0","0.00","0.0","0.0","N","0.00","0","76.9","30.00","58.8"
"2015-08-01","05:00","56.5","57.2","57.8","47.1","68.9","0.00","0.0","0.0","N","0.00","2","76.4","30.01","57.1"
"2015-08-01","06:00","56.0","56.9","57.5","48.6","73.5","0.00","0.0","0.0","N","0.00","24","75.9","30.03","56.9"
"2015-08-01","07:00","59.6","62.3","64.3","50.9","66.3","0.00","1.6","5.7","NW","0.00","44","75.4","30.03","62.3"
"2015-08-01","08:00","65.2","67.8","70.0","51.8","56.6","0.00","2.0","4.9","N","0.00","348","75.0","30.02","67.9"
"2015-08-01","09:00","69.9","70.9","72.2","54.7","56.5","0.00","3.3","6.0","E","0.00","543","74.6","30.01","70.7"
"2015-08-01","10:00","72.7","74.6","76.5","54.9","50.3","0.00","3.1","5.7","E","0.00","695","74.4","30.01","74.7"
"2015-08-01","11:00","77.6","79.8","81.7","55.8","43.9","0.00","3.4","8.5","SE","0.00","798","74.5","30.01","80.0"
"2015-08-01","12:00","81.4","82.6","83.9","55.7","40.1","0.00","3.9","9.9","NE","0.00","858","74.9","29.99","82.6"
"2015-08-01","13:00","82.3","84.9","86.3","55.4","36.7","0.00","4.5","9.9","S","0.00","869","75.5","29.98","85.0"
"2015-08-01","14:00","87.3","88.2","88.7","52.1","29.3","0.00","5.4","11.0","SW","0.00","838","76.4","29.97","88.2"
"2015-08-01","15:00","89.8","90.3","90.7","47.9","23.4","0.00","4.9","9.2","W","0.00","753","77.3","29.94","90.2"
"2015-08-01","16:00","89.6","90.0","90.5","50.5","26.0","0.00","5.5","9.9","W","0.00","623","78.3","29.93","90.0"
"2015-08-01","17:00","89.2","89.5","89.8","49.8","25.7","0.00","5.5","11.4","W","0.00","467","79.1","29.92","89.4"
"2015-08-01","18:00","88.3","89.0","89.4","48.5","24.8","0.00","5.1","10.7","W","0.00","296","79.7","29.91","88.9"
"2015-08-01","19:00","84.5","86.0","87.3","48.4","27.3","0.00","4.9","10.3","W","0.00","126","80.1","29.90","85.9"
"2015-08-01","20:00","74.8","78.4","83.0","51.7","39.9","0.00","2.2","7.1","W","0.00","17","80.2","29.90","78.4"
"2015-08-01","21:00","70.5","73.2","76.4","52.0","47.6","0.00","1.1","5.3","W","0.00","0","80.2","29.90","73.1"
"2015-08-01","22:00","69.1","70.5","71.3","51.7","51.4","0.00","1.5","7.8","N","0.00","0","79.9","29.91","70.4"
"2015-08-01","23:00","66.1","67.0","68.4","51.8","58.1","0.00","1.2","3.9","S","0.00","0","79.6","29.91","66.9"
"2015-08-01","24:00","63.8","64.5","64.8","52.2","64.5","0.00","0.2","4.2","W","0.00","0","79.2","29.91","64.3"
"2015-08-02","01:00","62.5","62.6","62.8","53.0","70.7","0.00","0.0","1.4","NE","0.00","0","78.7","29.92","62.5"
"2015-08-02","02:00","60.5","61.4","62.2","53.5","75.2","0.00","0.0","0.0","N","0.00","0","78.2","29.92","61.2"
"2015-08-02","03:00","60.6","60.8","61.0","53.5","76.7","0.00","0.0","0.0","N","0.00","0","77.7","29.92","60.7"
"2015-08-02","04:00","58.9","59.2","59.5","54.2","83.5","0.00","0.0","0.0","N","0.01","0","77.2","29.93","59.0"
"2015-08-02","05:00","58.0","58.4","58.8","54.1","85.3","0.00","0.0","0.0","N","0.08","2","76.8","29.93","58.3"
"2015-08-02","06:00","58.5","59.3","60.5","54.6","84.3","0.00","0.0","0.0","N","0.03","34","76.3","29.94","59.2"
"2015-08-02","07:00","61.0","63.0","65.5","55.9","77.6","0.00","0.5","3.5","W","0.00","92","75.9","29.95","62.9"
"2015-08-02","08:00","67.1","68.4","69.5","55.3","63.0","0.00","1.5","4.2","S","0.00","259","75.5","29.95","68.3"
"2015-08-02","09:00","69.1","69.7","70.7","56.1","61.8","0.00","1.9","5.3","SE","0.00","271","75.2","29.95","69.7"
"2015-08-02","10:00","70.2","71.7","73.6","56.9","59.6","0.00","2.3","5.3","SE","0.00","404","75.1","29.94","71.7"
"2015-08-02","11:00","74.8","75.9","77.0","58.2","54.3","0.00","2.8","6.0","E","0.00","627","75.1","29.95","76.1"
"2015-08-02","12:00","77.3","77.9","79.0","58.7","51.6","0.00","2.5","5.7","E","0.00","548","75.3","29.94","78.1"
"2015-08-02","13:00","77.5","78.9","81.3","57.9","48.6","0.00","3.0","7.4","SW","0.00","507","75.7","29.93","79.0"
"2015-08-02","14:00","81.9","83.4","84.9","58.2","42.6","0.00","3.6","7.4","SE","0.00","797","76.2","29.93","83.5"
"2015-08-02","15:00","84.4","85.1","85.8","57.3","38.9","0.00","3.6","7.4","E","0.00","653","76.8","29.91","85.2"
"2015-08-02","16:00","85.2","85.9","86.5","57.8","38.6","0.00","2.5","5.7","E","0.00","555","77.4","29.90","86.1"
"2015-08-02","17:00","83.7","85.1","86.3","58.2","40.2","0.00","1.3","6.4","E","0.00","380","78.1","29.89","85.3"
"2015-08-02","18:00","80.2","82.0","84.7","60.3","47.9","0.00","0.4","3.1","NE","0.00","147","78.6","29.88","82.3"
"2015-08-02","19:00","78.5","79.4","79.9","61.2","53.8","0.00","0.1","2.8","NW","0.00","66","79.0","29.88","79.4"
"2015-08-02","20:00","75.6","76.1","77.0","58.6","54.5","0.00","0.6","2.8","NW","0.00","12","79.2","29.87","76.1"
"2015-08-02","21:00","71.2","73.2","74.5","57.3","57.5","0.00","0.3","3.5","W","0.00","0","79.3","29.86","73.2"
"2015-08-02","22:00","70.4","71.7","73.6","56.0","57.8","0.00","0.9","4.9","NW","0.00","0","79.1","29.85","71.5"
"2015-08-02","23:00","70.4","71.6","73.2","54.6","55.1","0.00","1.5","5.7","NW","0.00","0","78.9","29.86","71.5"
"2015-08-02","24:00","66.5","69.1","71.1","54.0","58.7","0.00","1.0","4.6","NW","0.00","0","78.6","29.86","69.0"
"2015-08-03","01:00","63.8","65.3","66.4","54.0","66.8","0.00","0.2","3.5","NW","0.00","0","78.3","29.87","65.3"
"2015-08-03","02:00","63.2","64.0","65.0","52.5","66.3","0.00","0.1","3.1","NW","0.00","0","77.9","29.88","63.9"
"2015-08-03","03:00","62.7","63.9","65.4","52.3","66.0","0.00","0.1","2.8","NW","0.00","0","77.5","29.89","63.9"
"2015-08-03","04:00","63.9","64.5","65.2","52.2","64.2","0.00","0.3","3.1","NW","0.00","0","77.1","29.89","64.4"
"2015-08-03","05:00","63.5","64.2","65.0","52.6","66.2","0.00","0.4","3.5","W","0.00","1","76.7","29.90","64.1"
"2015-08-03","06:00","63.2","64.4","65.7","51.8","63.8","0.00","1.0","3.9","W","0.00","15","76.3","29.90","64.3"
"2015-08-03","07:00","63.3","65.5","67.2","51.9","61.6","0.00","1.1","5.3","NW","0.00","87","76.0","29.92","65.5"
"2015-08-03","08:00","67.6","68.1","68.3","52.2","56.8","0.00","0.8","3.5","E","0.00","148","75.8","29.92","68.1"
"2015-08-03","09:00","68.1","68.4","68.5","55.7","63.8","0.00","1.4","4.2","SE","0.00","182","75.5","29.92","68.4"
"2015-08-03","10:00","69.0","69.9","70.8","57.3","64.4","0.00","1.6","6.4","E","0.00","270","75.4","29.92","69.9"
"2015-08-03","11:00","71.1","72.7","73.9","55.5","54.8","0.00","3.6","8.2","S","0.00","695","75.3","29.92","72.8"
"2015-08-03","12:00","74.3","74.8","75.1","56.8","53.6","0.00","3.3","7.1","SE","0.00","664","75.4","29.92","74.8"
"2015-08-03","13:00","76.6","77.1","77.9","57.1","50.1","0.00","3.4","7.1","E","0.00","824","75.8","29.92","77.2"
"2015-08-03","14:00","78.2","78.8","79.9","56.2","45.8","0.00","3.2","6.4","E","0.00","779","76.3","29.92","78.9"
"2015-08-03","15:00","80.5","80.7","80.9","55.2","41.4","0.00","3.8","7.8","S","0.00","691","77.0","29.91","80.8"
"2015-08-03","16:00","80.4","81.9","82.5","56.4","41.7","0.00","3.0","7.8","E","0.00","568","77.8","29.90","82.0"
"2015-08-03","17:00","81.5","82.1","82.6","56.3","41.2","0.00","2.9","6.0","SE","0.00","436","78.5","29.89","82.2"
"2015-08-03","18:00","81.7","82.3","82.7","55.7","40.2","0.00","3.5","7.8","W","0.00","291","79.0","29.89","82.2"
"2015-08-03","19:00","75.9","78.7","81.1","55.3","44.7","0.00","4.5","9.2","NW","0.00","84","79.4","29.89","78.6"
"2015-08-03","20:00","72.3","73.7","75.0","55.1","52.2","0.00","4.4","9.6","NW","0.00","18","79.6","29.89","73.7"
"2015-08-03","21:00","69.0","70.1","71.5","55.6","60.2","0.00","2.7","7.1","NW","0.00","0","79.6","29.91","70.0"
"2015-08-03","22:00","67.5","68.2","68.6","55.2","63.1","0.00","2.5","6.0","NW","0.00","0","79.4","29.93","68.1"
"2015-08-03","23:00","65.3","66.0","66.6","55.4","68.5","0.00","1.0","3.9","N","0.00","0","79.2","29.94","65.9"
"2015-08-03","24:00","62.8","64.4","65.0","55.4","72.5","0.00","1.2","4.9","NW","0.00","0","78.9","29.96","64.3"
"2015-08-04","01:00","61.5","61.7","61.9","55.6","80.2","0.00","0.4","3.5","NW","0.00","0","78.5","29.97","61.6"
"2015-08-04","02:00","60.3","61.5","62.4","54.6","78.3","0.00","0.2","3.1","SW","0.00","0","78.1","29.98","61.3"
"2015-08-04","03:00","59.0","59.4","59.8","55.8","87.9","0.00","0.0","1.7","NW","0.06","0","77.6","29.98","59.2"
"2015-08-04","04:00","58.9","59.3","59.7","56.7","90.8","0.00","0.0","1.4","SE","0.23","0","77.2","29.99","59.1"
"2015-08-04","05:00","59.4","59.8","60.2","57.0","90.3","0.00","1.4","4.2","E","0.34","2","76.8","30.00","59.6"
"2015-08-04","06:00","59.9","60.3","60.7","56.7","87.9","0.00","2.2","7.4","E","0.08","37","76.3","30.01","60.1"
"2015-08-04","07:00","61.2","62.0","62.7","56.3","81.5","0.00","3.3","8.9","E","0.00","153","76.0","30.01","62.0"
"2015-08-04","08:00","62.5","62.9","63.4","55.5","76.6","0.00","3.3","8.9","E","0.00","185","75.6","30.01","62.9"
"2015-08-04","09:00","63.2","63.7","64.9","55.5","74.5","0.00","3.7","8.2","E","0.00","285","75.4","30.01","63.7"
"2015-08-04","10:00","65.4","66.7","67.9","55.8","68.1","0.00","3.4","8.2","E","0.00","515","75.3","30.00","66.7"
"2015-08-04","11:00","67.3","67.8","68.3","55.9","65.7","0.00","4.5","10.3","S","0.00","704","75.3","30.00","67.8"
"2015-08-04","12:00","68.9","69.8","70.7","56.2","61.9","0.00","4.5","11.4","S","0.00","864","75.5","30.00","69.8"
"2015-08-04","13:00","70.5","72.0","73.5","56.3","57.8","0.00","4.6","10.7","S","0.00","883","75.8","30.00","72.0"
"2015-08-04","14:00","73.5","74.0","74.3","55.5","52.4","0.00","4.1","9.9","S","0.00","627","76.4","29.99","74.1"
"2015-08-04","15:00","74.8","75.3","76.0","50.7","42.1","0.00","3.7","9.2","S","0.00","419","77.2","29.98","75.4"
"2015-08-04","16:00","76.5","77.1","77.9","49.5","37.9","0.00","3.0","6.7","SW","0.00","440","77.8","29.97","77.2"
"2015-08-04","17:00","77.8","78.3","78.7","51.8","39.7","0.00","3.1","6.4","E","0.00","473","78.3","29.96","78.3"
"2015-08-04","18:00","76.9","78.0","78.6","52.7","41.3","0.00","3.4","8.9","S","0.00","271","78.7","29.95","78.0"
"2015-08-04","19:00","72.3","73.9","75.5","55.1","51.9","0.00","4.7","8.5","W","0.00","112","79.0","29.94","73.8"
"2015-08-04","20:00","68.5","69.6","71.0","53.7","56.9","0.00","3.3","9.6","W","0.00","13","79.1","29.95","69.5"
"2015-08-04","21:00","64.8","65.8","66.8","51.4","59.7","0.00","3.0","8.2","N","0.00","0","79.0","29.98","65.8"
"2015-08-04","22:00","62.0","62.6","63.6","51.4","66.5","0.00","2.4","6.7","N","0.00","0","78.8","30.00","62.6"
"2015-08-04","23:00","60.4","60.9","61.6","51.8","71.8","0.00","1.1","5.7","N","0.00","0","78.5","30.02","60.8"
"2015-08-04","24:00","61.0","61.1","61.3","51.5","70.6","0.00","1.8","5.3","NW","0.00","0","78.1","30.03","61.0"
"2015-08-05","01:00","59.7","60.2","60.9","51.4","72.4","0.00","2.2","7.4","N","0.00","0","77.7","30.03","60.1"
"2015-08-05","02:00","58.7","59.0","59.4","51.7","76.6","0.00","1.1","5.7","NW","0.00","0","77.3","30.05","58.9"
"2015-08-05","03:00","58.4","58.5","58.6","52.1","79.4","0.00","0.8","7.4","N","0.00","0","76.9","30.05","58.3"
"2015-08-05","04:00","57.9","58.6","59.6","52.7","80.5","0.00","1.1","4.9","E","0.00","0","76.5","30.06","58.4"
"2015-08-05","05:00","57.9","58.8","59.6","53.2","81.6","0.00","1.5","4.6","E","0.00","1","76.1","30.07","58.7"
"2015-08-05","06:00","57.7","58.0","58.2","53.0","83.5","0.00","1.8","4.9","E","0.00","21","75.7","30.08","57.8"
"2015-08-05","07:00","58.6","59.1","59.6","53.1","80.4","0.00","2.1","5.7","E","0.00","69","75.3","30.08","59.0"
"2015-08-05","08:00","59.9","60.1","60.3","53.0","77.1","0.00","3.2","6.4","E","0.00","97","75.0","30.08","60.1"
"2015-08-05","09:00","60.4","60.6","60.8","52.8","75.4","0.00","2.5","7.4","E","0.00","84","74.8","30.09","60.5"
"2015-08-05","10:00","61.2","61.2","61.3","52.8","73.8","0.00","2.7","6.4","E","0.00","130","74.6","30.09","61.2"
"2015-08-05","11:00","61.4","62.2","62.9","52.7","70.9","0.00","2.5","5.7","E","0.00","231","74.5","30.09","62.2"
"2015-08-05","12:00","63.5","64.6","66.0","52.6","65.0","0.00","2.7","6.7","S","0.00","399","74.4","30.09","64.6"
"2015-08-05","13:00","66.5","67.6","68.7","52.9","59.3","0.00","3.7","7.8","NE","0.00","819","74.4","30.08","67.6"
"2015-08-05","14:00","69.4","70.3","70.8","53.1","54.3","0.00","3.6","8.9","N","0.00","646","74.6","30.07","70.3"
"2015-08-05","15:00","70.1","70.4","71.0","52.9","53.8","0.00","3.8","7.8","NW","0.00","303","75.0","30.05","70.3"
"2015-08-05","16:00","69.5","69.7","70.2","52.7","54.6","0.00","4.7","10.7","NW","0.00","175","75.6","30.04","69.7"
"2015-08-05","17:00","67.1","68.1","69.3","53.5","59.5","0.00","6.4","13.5","NW","0.00","197","76.0","30.04","68.0"
"2015-08-05","18:00","63.6","64.8","66.2","53.1","65.7","0.00","6.3","13.2","NW","0.00","78","76.2","30.05","64.8"
"2015-08-05","19:00","62.8","63.0","63.3","52.5","68.5","0.00","4.9","10.7","NW","0.00","34","76.4","30.07","62.9"
"2015-08-05","20:00","59.0","60.7","62.5","54.7","80.9","0.02","3.6","11.4","NW","0.47","2","76.4","30.09","60.6"
"2015-08-05","21:00","59.0","59.0","59.1","56.2","90.4","0.00","1.8","5.7","N","0.89","0","76.2","30.10","58.9"
"2015-08-05","22:00","59.1","59.3","59.5","55.9","88.4","0.00","1.7","7.4","N","0.34","0","76.1","30.10","59.2"
"2015-08-05","23:00","59.6","59.7","59.7","55.4","85.7","0.00","1.4","6.0","N","0.01","0","75.8","30.10","59.6"
"2015-08-05","24:00","59.7","59.7","59.8","55.2","84.9","0.00","1.2","5.7","NW","0.01","0","75.5","30.10","59.6"
"2015-08-06","01:00","60.0","60.1","60.1","54.6","82.2","0.00","0.8","3.9","N","0.00","0","75.3","30.11","59.9"
"2015-08-06","02:00","59.7","60.0","60.4","55.0","83.6","0.00","0.5","3.5","NW","0.00","0","75.0","30.11","59.8"
"2015-08-06","03:00","59.8","60.1","60.4","54.8","82.7","0.00","1.2","4.2","N","0.00","0","74.7","30.12","59.9"
"2015-08-06","04:00","60.2","60.3","60.4","54.5","81.1","0.00","1.0","5.3","N","0.00","0","74.5","30.12","60.2"
"2015-08-06","05:00","60.3","60.4","60.5","54.5","80.9","0.00","0.7","5.3","N","0.00","0","74.2","30.12","60.3"
"2015-08-06","06:00","60.3","60.6","60.9","55.1","82.1","0.00","1.1","6.0","NE","0.00","13","74.0","30.13","60.4"
"2015-08-06","07:00","61.1","61.5","61.8","54.8","78.4","0.00","1.1","4.2","E","0.00","43","73.8","30.14","61.4"
"2015-08-06","08:00","62.0","62.5","63.0","55.4","77.5","0.00","1.1","4.6","E","0.00","132","73.6","30.14","62.4"
"2015-08-06","09:00","63.8","65.0","66.4","54.6","69.0","0.00","2.7","7.1","E","0.00","440","73.4","30.13","64.8"
"2015-08-06","10:00","66.8","68.0","69.2","54.2","61.2","0.00","3.1","6.4","E","0.00","686","73.3","30.13","68.0"
"2015-08-06","11:00","69.6","70.5","71.3","52.9","53.5","0.00","3.0","7.4","E","0.00","817","73.4","30.14","70.6"
"2015-08-06","12:00","70.6","71.1","71.6","52.3","51.4","0.00","3.7","7.4","E","0.00","837","73.7","30.13","71.2"
"2015-08-06","13:00","72.0","72.3","72.6","52.7","50.0","0.00","3.6","7.8","E","0.00","679","74.2","30.12","72.4"
"2015-08-06","14:00","73.2","73.5","73.9","52.5","47.7","0.00","3.3","7.4","E","0.00","657","74.9","30.11","73.5"
"2015-08-06","15:00","71.9","73.5","75.8","52.7","48.1","0.00","2.4","5.7","E","0.00","403","75.6","30.08","73.5"
"2015-08-06","16:00","75.8","76.4","77.1","49.6","38.9","0.00","4.5","9.6","W","0.00","637","76.2","30.07","76.3"
"2015-08-06","17:00","75.6","76.0","76.5","49.7","39.7","0.00","5.3","9.9","SW","0.00","443","76.8","30.06","75.9"
"2015-08-06","18:00","75.2","75.4","75.7","50.2","41.1","0.00","5.2","11.0","W","0.00","275","77.2","30.05","75.3"
"2015-08-06","19:00","72.8","73.9","74.6","50.7","44.1","0.00","4.9","9.2","W","0.00","121","77.5","30.03","73.7"
"2015-08-06","20:00","68.6","70.1","71.9","50.0","48.8","0.00","3.7","9.2","W","0.00","11","77.6","30.02","70.1"
"2015-08-06","21:00","65.0","66.1","67.2","50.4","56.9","0.00","1.5","3.9","W","0.00","0","77.6","30.03","66.0"
"2015-08-06","22:00","59.3","60.1","61.5","52.3","75.2","0.00","0.0","2.4","SE","0.00","0","77.4","30.04","59.9"
"2015-08-06","23:00","58.6","59.0","59.5","51.9","77.0","0.00","0.1","4.2","W","0.00","0","77.1","30.03","58.9"
"2015-08-06","24:00","57.1","57.5","58.3","52.5","83.2","0.00","0.0","0.0","N","0.00","0","76.7","30.04","57.4"
"2015-08-07","01:00","55.6","55.9","56.2","52.6","88.4","0.00","0.0","0.0","N","0.15","0","76.3","30.03","55.7"
"2015-08-07","02:00","54.8","55.1","55.3","52.8","91.9","0.00","0.0","0.0","N","0.36","0","75.8","30.03","54.8"
"2015-08-07","03:00","54.6","54.8","54.9","52.6","92.4","0.00","0.0","0.0","N","0.71","0","75.4","30.02","54.6"
"2015-08-07","04:00","54.1","54.3","54.5","52.7","94.4","0.00","0.0","0.0","N","0.85","0","75.0","30.02","54.1"
"2015-08-07","05:00","53.7","53.8","53.9","52.7","96.0","0.00","0.0","0.0","N","0.95","1","74.5","30.01","53.6"
"2015-08-07","06:00","53.6","54.1","54.6","53.1","96.4","0.00","0.0","0.0","N","1.00","15","74.1","30.01","53.9"
"2015-08-07","07:00","55.0","58.2","60.6","54.2","86.5","0.00","0.4","4.2","N","0.96","31","73.8","30.01","58.0"
"2015-08-07","08:00","61.6","63.7","65.4","53.5","69.4","0.00","2.9","7.1","NW","0.10","261","73.4","30.01","63.6"
"2015-08-07","09:00","66.5","68.0","69.7","54.1","61.1","0.00","3.0","7.1","N","0.00","524","73.1","29.99","67.7"
"2015-08-07","10:00","69.4","70.7","72.3","55.6","58.8","0.00","3.1","7.4","E","0.00","660","73.0","29.98","70.8"
"2015-08-07","11:00","73.5","74.0","74.8","53.2","48.2","0.00","4.3","11.0","W","0.00","763","73.0","29.97","74.0"
"2015-08-07","12:00","74.8","75.5","76.2","53.1","45.8","0.00","4.9","8.9","W","0.00","824","73.4","29.96","75.4"
"2015-08-07","13:00","76.7","77.5","78.2","53.3","43.2","0.00","5.5","10.7","SW","0.00","837","74.0","29.95","77.4"
"2015-08-07","14:00","78.7","79.1","79.9","52.6","39.9","0.00","5.4","11.7","SW","0.00","798","74.8","29.93","79.1"
"2015-08-07","15:00","80.1","80.5","81.3","50.9","35.8","0.00","5.6","11.4","SW","0.00","713","75.7","29.92","80.5"
"2015-08-07","16:00","81.4","81.7","82.0","50.1","33.3","0.00","4.8","9.6","W","0.00","589","76.5","29.90","81.6"
"2015-08-07","17:00","81.0","81.4","82.0","50.2","33.7","0.00","5.2","11.0","W","0.00","435","77.3","29.88","81.2"
"2015-08-07","18:00","78.6","79.5","80.0","53.8","41.1","0.00","6.0","11.4","NW","0.00","268","77.9","29.87","79.2"
"2015-08-07","19:00","76.1","77.1","78.1","55.4","47.0","0.00","4.3","10.7","W","0.00","113","78.3","29.86","77.0"
"2015-08-07","20:00","71.4","72.0","73.3","58.1","61.5","0.00","2.6","6.7","W","0.00","8","78.4","29.85","72.0"
"2015-08-07","21:00","69.8","70.5","71.0","58.2","65.1","0.00","2.9","6.0","W","0.00","0","78.4","29.86","70.4"
"2015-08-07","22:00","66.5","67.5","68.6","58.6","73.3","0.00","1.1","6.0","NW","0.00","0","78.2","29.87","67.4"
"2015-08-07","23:00","65.1","65.8","66.6","58.6","77.5","0.00","1.0","5.3","NW","0.00","0","78.0","29.87","65.7"
"2015-08-07","24:00","61.8","63.3","64.7","58.3","83.8","0.00","0.1","2.8","NW","0.01","0","77.7","29.88","63.1"
"2015-08-08","01:00","60.9","61.0","61.1","58.3","90.8","0.00","0.0","0.0","N","0.17","0","77.3","29.88","60.8"
"2015-08-08","02:00","60.7","60.9","61.2","58.3","91.0","0.00","0.0","0.0","N","0.28","0","76.9","29.88","60.8"
"2015-08-08","03:00","59.8","60.0","60.4","58.0","92.8","0.00","0.0","0.0","N","0.46","0","76.5","29.88","59.9"
"2015-08-08","04:00","58.8","59.0","59.1","57.7","95.4","0.00","0.0","0.0","N","0.77","0","76.1","29.89","58.9"
"2015-08-08","05:00","59.3","59.6","60.4","58.4","95.6","0.00","0.3","4.2","SE","0.90","1","75.7","29.88","59.4"
"2015-08-08","06:00","60.6","61.3","61.8","59.1","92.7","0.00","1.0","4.6","SE","0.62","14","75.4","29.88","61.1"
"2015-08-08","07:00","62.1","62.5","62.9","59.6","90.1","0.00","2.0","5.7","E","0.00","49","75.0","29.88","62.4"
"2015-08-08","08:00","62.7","63.2","63.5","59.6","88.2","0.00","2.8","6.7","E","0.00","88","74.8","29.88","63.1"
"2015-08-08","09:00","63.6","64.2","64.7","59.7","85.2","0.00","3.1","7.8","E","0.00","153","74.6","29.88","64.1"
"2015-08-08","10:00","65.6","66.3","67.5","59.4","78.5","0.00","3.6","9.2","E","0.00","306","74.4","29.87","66.3"
"2015-08-08","11:00","68.1","68.8","70.0","59.4","72.0","0.00","3.8","8.9","E","0.00","481","74.4","29.87","68.8"
"2015-08-08","12:00","71.8","72.8","74.5","59.9","63.7","0.00","4.0","9.6","E","0.00","761","74.5","29.87","72.9"
"2015-08-08","13:00","74.7","75.2","76.0","59.3","57.8","0.00","4.1","10.3","E","0.00","651","74.7","29.87","75.3"
"2015-08-08","14:00","76.4","77.0","77.9","58.6","52.9","0.00","4.3","11.0","SE","0.00","581","75.2","29.88","77.0"
"2015-08-08","15:00","75.3","75.4","75.5","57.7","54.1","0.00","3.6","9.2","E","0.00","247","75.8","29.87","75.5"
"2015-08-08","16:00","73.9","75.0","76.2","58.0","55.3","0.00","3.6","8.2","SE","0.00","215","76.3","29.87","75.1"
"2015-08-08","17:00","71.9","72.6","73.3","59.2","62.9","0.00","3.2","7.4","SE","0.00","155","76.7","29.88","72.5"
"2015-08-08","18:00","70.4","71.1","71.5","59.6","66.9","0.00","3.5","9.9","S","0.00","132","77.0","29.89","71.1"
"2015-08-08","19:00","68.0","68.8","69.6","59.1","71.0","0.00","3.3","8.2","S","0.00","74","77.1","29.90","68.8"
"2015-08-08","20:00","67.0","67.4","67.9","60.0","77.2","0.00","3.5","10.7","E","0.00","11","77.2","29.91","67.3"
"2015-08-08","21:00","66.1","66.5","66.8","60.5","81.0","0.00","3.9","8.5","E","0.00","0","77.1","29.93","66.4"
"2015-08-08","22:00","65.2","65.6","66.0","59.8","81.2","0.00","3.4","7.8","E","0.00","0","77.0","29.94","65.5"
"2015-08-08","23:00","64.2","64.5","64.8","59.3","83.0","0.00","3.1","6.4","E","0.00","0","76.8","29.95","64.4"
"2015-08-08","24:00","63.1","63.5","64.3","58.7","84.2","0.00","2.2","5.7","E","0.00","0","76.5","29.96","63.4"
"2015-08-09","01:00","62.9","63.0","63.1","58.4","84.7","0.00","2.4","6.4","E","0.00","0","76.2","29.98","62.8"
"2015-08-09","02:00","61.9","62.7","63.3","58.1","85.0","0.00","2.6","7.8","E","0.00","0","75.9","29.98","62.5"
"2015-08-09","03:00","61.1","61.4","61.7","57.7","87.6","0.00","1.7","4.9","E","0.02","0","75.6","29.99","61.2"
"2015-08-09","04:00","60.1","60.8","61.6","57.2","87.7","0.00","2.1","6.0","SE","0.00","0","75.3","29.99","60.7"
"2015-08-09","05:00","58.3","58.8","59.2","56.5","92.0","0.00","1.1","3.9","SW","0.18","1","74.9","30.00","58.6"
"2015-08-09","06:00","58.6","59.0","59.3","57.0","92.9","0.00","0.4","3.1","N","0.40","19","74.6","30.00","58.9"
"2015-08-09","07:00","60.0","61.6","63.2","57.5","86.5","0.00","0.9","4.2","NE","0.17","45","74.3","30.01","61.4"
"2015-08-09","08:00","64.1","65.4","66.6","57.7","76.0","0.00","2.5","6.7","SE","0.00","232","74.0","30.01","65.3"
"2015-08-09","09:00","67.4","68.5","69.8","57.3","67.4","0.00","2.9","7.1","SE","0.00","522","73.7","30.00","68.3"
"2015-08-09","10:00","70.1","70.4","70.8","56.9","62.1","0.00","3.4","7.1","SE","0.00","719","73.6","30.00","70.4"
"2015-08-09","11:00","71.3","72.3","73.9","54.7","54.0","0.00","3.1","6.4","SE","0.00","754","73.6","30.00","72.4"
"2015-08-09","12:00","74.0","74.7","75.4","54.0","48.4","0.00","3.2","7.1","E","0.00","792","74.0","29.99","74.9"
"2015-08-09","13:00","76.5","77.1","78.2","52.9","42.9","0.00","4.3","8.9","SW","0.00","840","74.6","29.98","77.2"
"2015-08-09","14:00","78.4","79.1","80.1","50.6","36.9","0.00","4.0","10.3","SW","0.00","806","75.4","29.96","79.2"
"2015-08-09","15:00","79.9","80.5","81.3","49.2","33.5","0.00","3.3","7.1","S","0.00","721","76.2","29.95","80.6"
"2015-08-09","16:00","81.0","81.3","81.5","49.9","33.6","0.00","4.1","8.2","SW","0.00","592","77.1","29.94","81.3"
"2015-08-09","17:00","81.8","82.1","82.4","49.5","32.2","0.00","3.2","7.1","SW","0.00","434","77.8","29.93","82.1"
"2015-08-09","18:00","79.4","81.1","81.7","52.5","37.2","0.00","3.0","6.7","S","0.00","251","78.4","29.92","81.1"
"2015-08-09","19:00","74.6","75.9","77.1","53.5","45.7","0.00","3.7","9.2","W","0.00","45","78.8","29.90","75.9"
"2015-08-09","20:00","70.0","72.1","73.6","53.5","52.0","0.00","2.3","6.7","W","0.00","9","78.9","29.90","72.0"
"2015-08-09","21:00","69.6","70.3","70.6","52.8","53.8","0.00","2.1","6.0","W","0.00","0","78.9","29.91","70.2"
"2015-08-09","22:00","64.7","66.8","69.6","53.5","62.7","0.00","0.8","5.3","W","0.00","0","78.7","29.92","66.6"
"2015-08-09","23:00","63.2","63.5","63.9","53.6","70.1","0.00","0.0","0.0","N","0.00","0","78.4","29.93","63.4"
"2015-08-09","24:00","62.8","63.1","63.5","53.6","71.1","0.00","0.1","2.4","NW","0.00","0","78.1","29.94","63.0"
"2015-08-10","01:00","62.8","62.9","63.0","53.6","71.7","0.00","0.2","2.4","NW","0.00","0","77.7","29.94","62.7"
"2015-08-10","02:00","62.1","62.4","62.7","53.5","72.5","0.00","0.0","0.0","N","0.00","0","77.3","29.94","62.3"
"2015-08-10","03:00","62.1","62.3","62.4","53.7","73.4","0.00","0.0","1.4","N","0.00","0","76.9","29.94","62.1"
"2015-08-10","04:00","62.4","62.6","62.9","54.1","73.6","0.00","0.2","2.4","N","0.00","0","76.5","29.93","62.5"
"2015-08-10","05:00","61.0","61.8","62.6","54.4","76.5","0.00","0.1","2.8","NW","0.00","0","76.2","29.92","61.8"
"2015-08-10","06:00","61.9","62.6","63.9","55.0","76.1","0.00","0.3","3.9","SE","0.00","5","75.9","29.93","62.4"
"2015-08-10","07:00","62.7","63.6","64.1","56.7","78.5","0.00","1.0","5.7","S","0.13","11","75.6","29.95","63.5"
"2015-08-10","08:00","62.5","63.2","64.0","58.7","85.2","0.00","0.1","3.1","N","0.08","60","75.3","29.96","63.1"
"2015-08-10","09:00","65.9","68.5","70.3","57.9","69.1","0.00","2.6","6.7","E","0.00","456","75.1","29.96","68.3"
"2015-08-10","10:00","70.5","71.8","73.1","54.2","54.1","0.00","2.5","6.4","E","0.00","644","75.0","29.96","71.9"
"2015-08-10","11:00","73.6","74.4","76.0","54.6","50.0","0.00","3.3","6.0","SE","0.00","748","75.0","29.95","74.5"
"2015-08-10","12:00","76.8","77.4","78.2","56.9","49.3","0.00","4.2","9.6","SE","0.00","806","75.3","29.93","77.5"
"2015-08-10","13:00","78.7","79.3","80.1","55.7","44.3","0.00","5.0","9.2","W","0.00","816","75.8","29.91","79.3"
"2015-08-10","14:00","80.4","80.7","81.0","54.7","40.9","0.00","4.8","10.3","SW","0.00","679","76.5","29.90","80.7"
"2015-08-10","15:00","82.1","82.7","83.0","52.5","35.3","0.00","5.0","11.4","SW","0.00","690","77.2","29.89","82.7"
"2015-08-10","16:00","83.1","83.3","83.8","52.1","34.1","0.00","4.9","9.6","W","0.00","598","78.0","29.89","83.3"
"2015-08-10","17:00","82.8","83.1","83.8","51.8","33.9","0.00","4.5","8.9","W","0.00","437","78.7","29.89","83.0"
"2015-08-10","18:00","80.3","81.7","82.9","52.7","36.8","0.00","4.2","9.2","NW","0.00","204","79.2","29.88","81.6"
"2015-08-10","19:00","76.4","77.5","79.3","53.3","43.0","0.00","4.2","9.9","W","0.00","63","79.5","29.89","77.5"
"2015-08-10","20:00","72.7","74.6","75.8","52.8","46.7","0.00","2.6","6.7","W","0.00","8","79.7","29.90","74.5"
"2015-08-10","21:00","69.8","71.2","72.2","53.9","54.3","0.00","1.1","4.6","W","0.00","0","79.7","29.91","71.2"
"2015-08-10","22:00","66.2","67.7","68.6","54.8","63.3","0.00","0.2","3.9","W","0.00","0","79.5","29.93","67.6"
"2015-08-10","23:00","65.8","66.5","66.9","54.9","66.3","0.00","0.8","6.0","NW","0.00","0","79.2","29.95","66.4"
"2015-08-10","24:00","63.2","64.2","65.9","55.3","72.9","0.00","0.0","1.7","NW","0.00","0","78.8","29.96","64.1"
"2015-08-11","01:00","61.6","61.8","62.3","55.1","78.4","0.00","0.0","0.0","N","0.00","0","78.4","29.97","61.8"
"2015-08-11","02:00","60.0","60.6","61.3","54.8","81.2","0.00","0.0","0.0","N","0.00","0","78.0","29.97","60.4"
"2015-08-11","03:00","59.0","59.6","60.3","55.0","84.5","0.00","0.0","0.0","N","0.00","0","77.6","29.97","59.4"
"2015-08-11","04:00","58.4","58.7","58.9","55.4","88.8","0.00","0.0","0.0","N","0.08","0","77.2","29.97","58.5"
"2015-08-11","05:00","58.1","58.2","58.2","55.2","89.7","0.00","0.0","0.0","N","0.16","1","76.7","29.97","58.0"
"2015-08-11","06:00","58.4","58.8","59.5","55.8","89.8","0.00","0.0","0.0","N","0.12","29","76.3","29.98","58.7"
"2015-08-11","07:00","60.6","61.6","62.7","57.2","85.4","0.00","0.0","0.0","N","0.00","55","75.9","29.99","61.4"
"2015-08-11","08:00","64.7","67.5","69.5","56.2","67.2","0.00","3.2","8.9","NW","0.00","231","75.6","29.98","67.3"
"2015-08-11","09:00","69.6","70.8","72.1","55.9","59.3","0.00","4.6","9.2","NW","0.00","478","75.3","29.97","70.5"
"2015-08-11","10:00","73.6","74.9","76.1","55.6","51.0","0.00","4.6","10.7","NW","0.00","566","75.1","29.97","74.8"
"2015-08-11","11:00","77.0","78.0","79.3","55.6","46.2","0.00","6.0","13.2","NW","0.00","655","75.2","29.95","77.8"
"2015-08-11","12:00","79.6","80.5","81.3","56.3","43.5","0.00","5.4","11.4","NW","0.00","657","75.5","29.93","80.3"
"2015-08-11","13:00","79.7","80.2","81.5","56.6","44.4","0.00","6.4","13.5","NW","0.00","585","75.9","29.91","80.0"
"2015-08-11","14:00","82.1","82.8","83.6","56.6","40.7","0.00","6.3","13.9","W","0.00","749","76.4","29.91","82.6"
"2015-08-11","15:00","82.2","82.6","82.9","57.2","41.9","0.00","5.4","12.4","W","0.00","468","77.0","29.91","82.5"
"2015-08-11","16:00","83.4","83.9","84.6","57.2","40.3","0.00","5.5","11.0","W","0.00","515","77.7","29.90","83.7"
"2015-08-11","17:00","83.9","84.2","84.6","56.3","38.7","0.00","5.5","11.4","W","0.00","355","78.2","29.89","84.0"
"2015-08-11","18:00","83.3","83.9","84.5","54.1","36.0","0.00","5.6","11.4","NW","0.00","230","78.6","29.88","83.7"
"2015-08-11","19:00","81.0","82.1","83.0","52.6","36.1","0.00","4.6","11.0","NW","0.00","79","78.9","29.87","82.0"
"2015-08-11","20:00","72.4","76.0","79.2","55.2","48.8","0.00","1.1","5.3","W","0.00","5","79.0","29.87","75.9"
"2015-08-11","21:00","69.8","70.7","72.0","56.4","60.4","0.00","0.1","3.1","NW","0.00","0","79.0","29.88","70.7"
"2015-08-11","22:00","67.9","68.1","68.8","57.0","67.4","0.00","0.0","0.0","N","0.00","0","78.8","29.91","68.1"
"2015-08-11","23:00","66.5","67.3","68.1","56.4","68.0","0.00","0.3","3.5","SW","0.00","0","78.6","29.92","67.2"
"2015-08-11","24:00","65.0","65.4","66.0","56.7","73.6","0.00","0.2","2.4","SW","0.00","0","78.2","29.92","65.3"
"2015-08-12","01:00","64.0","64.3","64.7","57.1","77.3","0.00","0.0","0.0","N","0.00","0","77.9","29.93","64.3"
"2015-08-12","02:00","62.4","63.1","63.5","56.4","78.8","0.00","0.4","3.5","NW","0.00","0","77.5","29.93","63.1"
"2015-08-12","03:00","61.5","61.7","62.3","56.1","81.7","0.00","0.0","1.4","SW","0.00","0","77.1","29.93","61.6"
"2015-08-12","04:00","60.7","60.9","61.0","55.8","83.3","0.00","0.0","0.0","N","0.00","0","76.7","29.93","60.8"
"2015-08-12","05:00","59.6","60.6","62.1","55.5","83.4","0.00","0.4","3.9","W","0.00","0","76.3","29.92","60.5"
"2015-08-12","06:00","62.2","63.3","64.1","55.8","76.5","0.00","0.7","4.9","NE","0.00","11","76.0","29.93","63.2"
"2015-08-12","07:00","62.2","63.4","65.7","57.2","80.0","0.00","0.2","3.1","NW","0.00","50","75.6","29.94","63.3"
"2015-08-12","08:00","67.0","69.4","71.6","59.8","71.8","0.00","0.8","4.9","NE","0.00","184","75.3","29.94","69.3"
"2015-08-12","09:00","72.6","73.9","75.6","58.0","57.4","0.00","3.3","7.1","NW","0.00","425","75.1","29.93","73.7"
"2015-08-12","10:00","74.5","76.5","77.3","60.1","57.1","0.00","2.8","6.0","E","0.00","449","74.9","29.94","76.5"
"2015-08-12","11:00","69.5","71.0","73.5","59.4","66.7","0.00","3.9","9.6","SW","0.00","29","75.0","29.96","71.0"
"2015-08-12","12:00","68.7","70.8","72.6","62.4","74.8","0.03","3.3","8.2","SE","0.14","330","75.2","29.96","70.8"
"2015-08-12","13:00","71.9","72.7","73.9","64.4","75.1","0.00","1.8","6.0","NE","0.00","262","75.3","29.98","72.7"
"2015-08-12","14:00","72.4","73.5","75.5","62.7","69.2","0.00","1.9","5.7","E","0.00","260","75.5","29.96","73.5"
"2015-08-12","15:00","76.0","78.0","80.1","60.8","55.7","0.00","2.8","8.2","SE","0.00","546","75.7","29.96","78.1"
"2015-08-12","16:00","81.4","82.3","82.8","58.7","44.8","0.00","3.2","6.7","SW","0.00","466","75.8","29.95","82.3"
"2015-08-12","17:00","82.1","82.2","82.3","56.7","41.8","0.00","3.3","7.1","SW","0.00","343","76.0","29.93","82.2"
"2015-08-12","18:00","80.4","81.2","81.8","60.2","48.9","0.00","1.2","3.9","E","0.00","226","76.3","29.93","81.4"
"2015-08-12","19:00","75.6","77.8","80.3","61.5","57.3","0.00","0.5","3.5","W","0.00","76","76.4","29.93","77.8"
"2015-08-12","20:00","70.6","72.0","74.0","61.4","69.3","0.00","0.0","2.4","NW","0.00","6","76.5","29.92","71.8"
"2015-08-12","21:00","68.0","68.9","70.3","61.2","76.6","0.00","0.1","2.1","NW","0.00","0","76.5","29.94","68.8"
"2015-08-12","22:00","67.4","67.5","67.7","60.9","79.2","0.00","0.0","0.0","N","0.00","0","76.3","29.96","67.5"
"2015-08-12","23:00","65.9","66.0","66.2","61.0","83.9","0.00","0.0","1.4","S","0.00","0","76.1","29.98","65.9"
"2015-08-12","24:00","64.7","65.7","68.0","61.4","86.0","0.00","0.7","5.7","E","0.08","0","75.9","30.00","65.6"
"2015-08-13","01:00","67.3","67.7","68.1","60.3","77.3","0.00","1.9","6.0","E","0.00","0","75.6","30.00","67.5"
"2015-08-13","02:00","65.1","66.0","66.4","58.6","77.1","0.00","1.3","6.4","SE","0.00","0","75.3","30.01","65.8"
"2015-08-13","03:00","63.5","64.4","65.2","58.7","81.7","0.00","1.6","6.7","W","0.00","0","75.0","30.02","64.3"
"2015-08-13","04:00","62.3","62.8","63.3","58.7","86.5","0.00","1.1","3.9","NE","0.02","0","74.7","30.02","62.6"
"2015-08-13","05:00","61.3","61.6","62.0","58.9","90.9","0.00","1.1","4.6","SE","0.14","0","74.4","30.03","61.4"
"2015-08-13","06:00","61.8","62.2","62.8","59.7","91.6","0.00","1.3","4.6","E","0.11","28","74.1","30.04","62.0"
"2015-08-13","07:00","63.2","63.9","64.6","60.2","87.6","0.00","2.4","5.7","E","0.00","71","73.9","30.04","63.7"
"2015-08-13","08:00","65.4","66.6","67.4","60.4","80.4","0.00","2.7","7.8","E","0.00","190","73.7","30.04","66.5"
"2015-08-13","09:00","67.7","68.3","68.9","61.2","78.0","0.00","3.6","8.9","E","0.00","393","73.5","30.04","68.1"
"2015-08-13","10:00","70.1","71.0","71.7","61.8","72.5","0.00","3.2","7.8","E","0.00","604","73.4","30.04","71.0"
"2015-08-13","11:00","72.4","72.9","74.1","62.2","69.1","0.00","3.1","7.4","E","0.00","713","73.5","30.03","73.0"
"2015-08-13","12:00","74.7","75.2","75.9","62.4","64.4","0.00","3.1","5.7","E","0.00","776","73.8","30.02","75.3"
"2015-08-13","13:00","76.7","77.6","78.8","62.5","59.8","0.00","3.3","7.4","E","0.00","793","74.3","29.99","77.7"
"2015-08-13","14:00","79.3","80.6","81.6","62.5","54.2","0.00","3.8","12.1","E","0.00","755","75.0","29.97","80.6"
"2015-08-13","15:00","83.1","83.3","83.5","60.5","46.2","0.00","4.4","9.6","W","0.00","670","75.8","29.94","83.3"
"2015-08-13","16:00","82.4","82.6","82.8","60.5","47.2","0.00","4.9","10.3","SW","0.00","543","76.6","29.93","82.6"
"2015-08-13","17:00","82.0","82.3","82.5","59.0","45.1","0.00","3.9","9.2","SW","0.00","379","77.3","29.93","82.3"
"2015-08-13","18:00","80.9","81.9","82.8","57.7","43.8","0.00","3.4","7.4","W","0.00","220","77.9","29.92","81.8"
"2015-08-13","19:00","76.8","79.0","80.3","57.1","47.3","0.00","2.2","6.0","W","0.00","78","78.3","29.91","78.8"
"2015-08-13","20:00","71.6","73.5","74.6","58.1","58.5","0.00","1.2","3.9","NW","0.00","6","78.4","29.90","73.5"
"2015-08-13","21:00","67.9","69.3","71.4","58.5","68.6","0.00","0.2","3.1","W","0.00","0","78.4","29.91","69.2"
"2015-08-13","22:00","65.6","66.2","67.1","58.7","76.6","0.00","0.0","0.0","N","0.00","0","78.3","29.91","66.1"
"2015-08-13","23:00","64.3","64.8","65.3","58.7","80.6","0.00","0.0","0.0","N","0.00","0","78.0","29.92","64.6"
"2015-08-13","24:00","62.2","63.0","63.5","58.1","84.1","0.00","0.0","0.0","N","0.02","0","77.6","29.92","62.8"
"2015-08-14","01:00","61.3","62.4","63.3","58.0","85.6","0.00","0.3","3.5","SW","0.04","0","77.3","29.92","62.2"
"2015-08-14","02:00","60.6","61.1","61.3","58.0","89.5","0.00","0.0","1.7","SW","0.12","0","76.9","29.92","60.9"
"2015-08-14","03:00","62.5","63.1","63.3","58.6","85.2","0.00","3.0","9.2","NE","0.01","0","76.5","29.93","62.9"
"2015-08-14","04:00","63.0","63.3","63.4","58.9","85.5","0.00","3.1","7.4","E","0.00","0","76.1","29.94","63.2"
"2015-08-14","05:00","62.0","62.3","63.0","59.6","90.7","0.02","3.1","8.2","E","0.66","0","75.8","29.95","62.2"
"2015-08-14","06:00","62.3","62.4","62.5","59.6","90.5","0.00","2.8","7.4","E","0.14","16","75.5","29.95","62.3"
"2015-08-14","07:00","62.5","62.8","63.2","59.6","89.1","0.00","3.1","6.7","E","0.00","30","75.2","29.96","62.7"
"2015-08-14","08:00","63.5","63.7","64.1","59.2","85.1","0.00","2.9","7.8","SE","0.00","82","75.0","29.97","63.6"
"2015-08-14","09:00","64.2","64.5","65.1","59.3","83.2","0.00","3.4","9.6","E","0.00","116","74.8","29.97","64.4"
"2015-08-14","10:00","65.0","65.1","65.3","59.2","81.1","0.00","4.1","9.9","E","0.00","98","74.6","29.97","65.1"
"2015-08-14","11:00","63.2","64.0","64.8","59.4","85.1","0.00","4.3","11.4","E","0.03","120","74.4","29.98","63.9"
"2015-08-14","12:00","63.2","63.8","64.2","58.0","81.2","0.01","4.1","11.4","E","0.27","45","74.3","29.99","63.8"
"2015-08-14","13:00","60.9","62.0","62.8","59.3","90.8","0.63","3.4","9.2","E","0.96","9","74.2","30.01","61.9"
"2015-08-14","14:00","60.3","60.4","60.6","59.2","95.6","0.48","3.1","8.9","E","0.86","7","72.0","30.02","60.3"
"2015-08-14","15:00","60.1","60.3","60.6","58.4","93.3","0.28","3.2","9.2","SE","0.89","17","70.6","30.05","60.2"
"2015-08-14","16:00","60.4","60.6","60.7","59.2","95.1","0.22","3.5","10.3","E","0.85","30","70.0","30.06","60.5"
"2015-08-14","17:00","60.6","60.7","60.8","59.3","95.0","0.10","3.7","10.7","E","0.83","32","69.6","30.07","60.6"
"2015-08-14","18:00","60.5","60.6","60.7","59.2","95.2","0.04","4.3","9.9","NE","0.85","29","69.4","30.07","60.5"
"2015-08-14","19:00","60.5","60.9","61.3","59.1","93.9","0.01","4.8","11.4","E","0.77","46","69.2","30.07","60.8"
"2015-08-14","20:00","60.3","60.7","61.2","58.5","92.3","0.00","2.9","9.6","E","0.58","6","69.1","30.09","60.6"
"2015-08-14","21:00","60.2","60.5","60.9","58.0","91.3","0.00","2.6","7.8","E","0.24","0","69.0","30.10","60.4"
"2015-08-14","22:00","60.5","60.8","61.1","57.8","89.9","0.00","3.0","9.2","E","0.00","0","68.8","30.12","60.7"
"2015-08-14","23:00","60.3","60.4","60.4","57.1","88.9","0.00","3.0","8.2","E","0.00","0","68.7","30.14","60.2"
"2015-08-14","24:00","60.2","60.5","60.7","56.7","87.3","0.00","3.1","6.7","E","0.00","0","68.6","30.16","60.3"
"2015-08-15","01:00","59.8","60.2","60.5","56.8","88.4","0.00","2.3","7.1","E","0.00","0","68.4","30.16","60.1"
"2015-08-15","02:00","60.5","60.7","60.9","57.1","87.8","0.00","1.5","6.0","E","0.01","0","68.3","30.17","60.6"
"2015-08-15","03:00","59.5","59.7","60.0","58.0","93.9","0.01","1.3","6.0","E","0.84","0","68.1","30.18","59.6"
"2015-08-15","04:00","60.1","60.2","60.3","57.6","91.1","0.00","2.2","6.7","E","0.55","0","68.0","30.19","60.1"
"2015-08-15","05:00","60.1","60.2","60.3","57.1","89.5","0.00","1.7","7.1","E","0.00","0","67.9","30.20","60.1"
"2015-08-15","06:00","60.1","60.1","60.1","56.9","89.0","0.00","2.3","7.8","E","0.00","11","67.9","30.21","59.9"
"2015-08-15","07:00","60.1","60.4","60.6","56.8","87.9","0.00","1.7","6.0","E","0.00","41","67.8","30.22","60.2"
"2015-08-15","08:00","60.7","61.0","61.3","56.8","86.1","0.00","1.4","5.7","E","0.00","68","67.8","30.23","60.8"
"2015-08-15","09:00","61.4","61.7","62.0","56.7","83.5","0.00","1.4","5.3","SE","0.00","124","67.8","30.24","61.7"
"2015-08-15","10:00","62.2","63.3","64.0","56.9","79.8","0.00","1.9","5.7","SW","0.00","296","67.8","30.24","63.2"
"2015-08-15","11:00","64.1","64.4","65.1","56.9","76.4","0.00","2.3","7.4","S","0.00","313","67.9","30.24","64.4"
"2015-08-15","12:00","65.7","65.8","66.0","56.3","71.5","0.00","3.2","8.9","W","0.00","350","68.2","30.24","65.7"
"2015-08-15","13:00","66.3","67.0","67.4","56.3","68.5","0.00","3.5","9.2","W","0.00","383","68.5","30.24","66.9"
"2015-08-15","14:00","66.8","67.1","67.5","55.7","66.8","0.00","4.5","8.2","NW","0.00","341","68.9","30.24","66.9"
"2015-08-15","15:00","67.0","67.9","68.6","54.7","62.5","0.00","3.5","8.9","NW","0.00","425","69.4","30.24","67.8"
"2015-08-15","16:00","68.4","69.0","70.3","55.4","61.9","0.00","2.5","6.0","N","0.00","322","69.8","30.24","68.9"
"2015-08-15","17:00","68.0","68.6","68.9","53.8","59.2","0.00","3.4","8.5","NW","0.00","164","70.2","30.23","68.5"
"2015-08-15","18:00","66.7","67.0","67.5","53.0","60.7","0.00","4.4","10.3","W","0.00","76","70.5","30.23","67.0"
"2015-08-15","19:00","65.8","66.1","66.5","52.7","61.8","0.00","3.4","7.4","NW","0.00","27","70.7","30.22","66.1"
"2015-08-15","20:00","64.0","64.8","65.5","53.6","67.0","0.00","2.9","6.4","NW","0.00","2","70.8","30.23","64.7"
"2015-08-15","21:00","62.5","63.2","63.8","54.8","74.1","0.00","0.3","3.5","NW","0.00","0","70.7","30.24","63.1"
"2015-08-15","22:00","62.0","62.2","62.4","55.4","78.5","0.00","0.0","1.4","E","0.00","0","70.6","30.25","62.0"
"2015-08-15","23:00","61.1","61.7","62.6","55.6","80.5","0.00","0.2","4.6","W","0.00","0","70.4","30.25","61.6"
"2015-08-15","24:00","59.5","60.5","61.0","55.6","83.9","0.00","0.0","1.4","SE","0.00","0","70.2","30.25","60.3"
"2015-08-16","01:00","57.3","57.7","58.4","55.0","90.6","0.00","0.0","0.0","N","0.00","0","70.0","30.25","57.5"
"2015-08-16","02:00","55.8","56.7","57.2","54.1","91.0","0.00","0.3","5.3","N","0.02","0","69.8","30.26","56.5"
"2015-08-16","03:00","54.5","54.7","55.0","53.7","96.4","0.00","0.1","1.7","NW","0.24","0","69.6","30.26","54.5"
"2015-08-16","04:00","53.3","53.7","54.1","53.1","97.8","0.00","0.0","0.0","N","0.61","0","69.3","30.26","53.5"
"2015-08-16","05:00","53.3","53.4","53.4","52.8","98.1","0.00","0.2","2.4","W","0.83","0","69.0","30.27","53.2"
"2015-08-16","06:00","53.4","53.6","53.8","52.9","97.5","0.00","0.4","3.5","SW","0.88","18","68.6","30.28","53.3"
"2015-08-16","07:00","55.4","57.0","58.1","54.1","90.1","0.00","2.5","6.7","NW","0.79","47","68.3","30.28","56.8"
"2015-08-16","08:00","58.6","60.1","61.7","54.5","81.9","0.00","3.0","6.4","NW","0.05","212","68.0","30.29","59.9"
"2015-08-16","09:00","62.0","63.5","65.1","55.2","74.4","0.00","3.0","7.8","NW","0.00","492","67.8","30.26","63.0"
"2015-08-16","10:00","65.4","66.1","66.6","56.4","71.0","0.00","3.8","7.8","E","0.00","608","67.8","30.25","65.9"
"2015-08-16","11:00","67.0","68.4","70.0","57.1","67.1","0.00","3.0","5.7","E","0.00","622","68.0","30.24","68.4"
"2015-08-16","12:00","69.1","70.1","71.1","55.7","60.5","0.00","3.0","7.4","S","0.00","439","68.5","30.23","70.0"
"2015-08-16","13:00","72.2","72.6","73.4","54.2","52.4","0.00","4.3","10.7","NW","0.00","660","69.2","30.21","72.5"
"2015-08-16","14:00","73.5","74.0","74.4","54.9","51.3","0.00","5.2","9.6","W","0.00","764","69.8","30.20","73.9"
"2015-08-16","15:00","74.7","75.0","75.2","52.0","44.6","0.00","5.2","11.4","W","0.00","674","70.6","30.19","74.8"
"2015-08-16","16:00","74.9","75.5","75.8","53.5","46.3","0.00","5.1","10.3","W","0.00","556","71.3","30.17","75.3"
"2015-08-16","17:00","74.7","75.0","75.2","53.5","47.1","0.00","5.2","10.7","W","0.00","400","71.9","30.16","74.9"
"2015-08-16","18:00","73.5","74.0","74.3","53.4","48.4","0.00","5.2","11.0","W","0.00","234","72.4","30.14","73.8"
"2015-08-16","19:00","71.3","72.0","72.7","53.1","51.2","0.00","4.0","8.9","W","0.00","88","72.6","30.13","71.9"
"2015-08-16","20:00","64.8","67.9","70.0","54.4","62.2","0.00","1.5","5.7","W","0.00","5","72.6","30.13","67.9"
"2015-08-16","21:00","60.5","61.6","62.8","55.9","81.4","0.00","0.0","1.7","N","0.00","0","72.4","30.15","61.3"
"2015-08-16","22:00","59.0","59.7","60.4","55.9","87.1","0.00","0.0","0.0","N","0.00","0","72.2","30.16","59.4"
"2015-08-16","23:00","58.9","59.0","59.1","55.3","87.6","0.00","0.2","2.4","NW","0.01","0","71.8","30.15","58.9"
"2015-08-16","24:00","56.5","57.2","57.9","55.0","92.1","0.00","0.0","1.4","SW","0.10","0","71.4","30.15","57.0"
"2015-08-17","01:00","55.7","55.9","56.2","54.5","94.8","0.00","0.0","0.0","N","0.40","0","71.0","30.16","55.7"
"2015-08-17","02:00","55.5","55.7","55.8","54.1","94.4","0.00","0.9","2.8","NW","0.69","0","70.6","30.15","55.6"
"2015-08-17","03:00","55.1","55.3","55.3","53.6","94.1","0.00","0.9","2.8","NW","0.82","0","70.2","30.14","55.2"
"2015-08-17","04:00","54.3","54.7","55.1","53.0","93.9","0.00","1.9","2.8","NW","0.87","0","69.8","30.14","54.6"
"2015-08-17","05:00","53.2","53.7","54.1","52.4","95.3","0.00","1.0","3.1","NW","0.90","0","69.4","30.15","53.6"
"2015-08-17","06:00","53.0","53.2","53.5","52.1","96.0","0.00","0.5","2.4","NW","0.92","13","69.0","30.15","53.1"
"2015-08-17","07:00","54.0","56.0","58.8","53.2","90.2","0.00","0.0","2.1","SW","0.91","33","68.6","30.16","55.9"
"2015-08-17","08:00","59.7","62.1","64.1","53.4","73.3","0.00","2.2","5.3","SW","0.28","206","68.3","30.16","61.9"
"2015-08-17","09:00","64.8","66.2","67.6","54.4","65.7","0.00","2.9","6.4","S","0.00","496","68.0","30.14","65.9"
"2015-08-17","10:00","69.3","70.0","70.7","55.6","60.4","0.00","2.8","7.4","E","0.00","638","67.9","30.13","69.9"
"2015-08-17","11:00","70.8","72.3","73.9","54.9","54.3","0.00","3.9","8.5","S","0.00","743","68.1","30.13","72.2"
"2015-08-17","12:00","74.0","74.8","75.9","54.7","49.7","0.00","4.7","8.5","SW","0.00","807","68.7","30.13","74.7"
"2015-08-17","13:00","75.8","76.0","76.3","52.7","44.2","0.00","5.2","10.3","SW","0.00","812","69.5","30.11","76.0"
"2015-08-17","14:00","77.6","78.8","79.7","53.8","42.0","0.00","5.2","12.1","W","0.00","778","70.4","30.09","78.7"
"2015-08-17","15:00","80.1","80.2","80.5","51.2","36.4","0.00","5.9","12.1","W","0.00","679","71.3","30.08","80.1"
"2015-08-17","16:00","80.5","80.9","81.3","53.4","38.6","0.00","5.0","10.3","W","0.00","606","72.1","30.07","80.7"
"2015-08-17","17:00","78.9","79.5","80.4","55.2","43.1","0.00","5.1","11.0","SW","0.00","398","72.7","30.05","79.4"
"2015-08-17","18:00","78.6","79.1","79.7","55.8","44.8","0.00","3.8","8.2","W","0.00","232","73.2","30.05","79.0"
"2015-08-17","19:00","74.5","75.8","77.3","56.4","51.0","0.00","3.5","7.8","W","0.00","64","73.5","30.04","75.7"
"2015-08-17","20:00","69.4","71.0","71.8","57.3","61.9","0.00","1.6","6.0","W","0.00","4","73.5","30.04","71.0"
"2015-08-17","21:00","66.7","69.5","71.1","57.1","64.8","0.00","1.4","4.6","W","0.00","0","73.4","30.05","69.4"
"2015-08-17","22:00","63.0","64.7","66.7","58.0","78.8","0.00","0.1","3.1","NW","0.00","0","73.1","30.06","64.6"
"2015-08-17","23:00","62.5","62.7","63.1","57.6","83.3","0.00","0.6","2.8","N","0.00","0","72.8","30.06","62.6"
"2015-08-17","24:00","60.8","61.5","62.5","57.2","85.6","0.00","0.0","1.4","NW","0.00","0","72.4","30.06","61.4"
"2015-08-18","01:00","59.9","60.6","61.1","56.7","86.9","0.00","0.6","2.8","NW","0.00","0","72.0","30.06","60.5"
"2015-08-18","02:00","58.4","58.6","58.9","56.4","92.2","0.00","0.0","1.7","NW","0.09","0","71.6","30.06","58.5"
"2015-08-18","03:00","57.6","58.0","58.1","55.8","92.3","0.00","0.2","2.8","NW","0.23","0","71.2","30.06","57.9"
"2015-08-18","04:00","56.8","57.5","58.1","55.4","92.8","0.00","0.7","2.8","NW","0.41","0","70.8","30.06","57.4"
"2015-08-18","05:00","56.4","56.6","56.8","55.4","95.5","0.00","0.6","2.8","NW","0.64","0","70.4","30.06","56.5"
"2015-08-18","06:00","57.0","57.2","57.6","55.6","94.2","0.00","0.7","2.4","NW","0.76","11","70.0","30.07","57.1"
"2015-08-18","07:00","57.2","58.9","61.4","56.7","92.6","0.00","0.3","3.1","NW","0.77","47","69.7","30.08","58.7"
"2015-08-18","08:00","64.3","66.4","67.8","56.9","71.6","0.00","4.0","8.9","NW","0.06","196","69.3","30.07","66.2"
"2015-08-18","09:00","68.6","70.2","71.6","57.2","63.5","0.00","5.1","11.7","NW","0.00","450","69.1","30.05","69.8"
"2015-08-18","10:00","72.8","73.5","74.6","58.2","58.7","0.00","4.3","9.2","NW","0.00","596","69.0","30.04","73.2"
"2015-08-18","11:00","75.3","75.9","76.7","58.9","55.5","0.00","4.7","8.9","W","0.00","683","69.2","30.04","75.8"
"2015-08-18","12:00","77.1","78.1","78.9","58.4","50.7","0.00","4.9","11.7","W","0.00","719","69.7","30.03","78.0"
"2015-08-18","13:00","79.8","80.1","80.5","58.0","46.9","0.00","5.6","12.1","W","0.00","755","70.4","30.02","79.9"
"2015-08-18","14:00","81.3","81.9","82.3","58.3","44.8","0.00","4.9","10.7","W","0.00","728","71.2","30.00","81.7"
"2015-08-18","15:00","82.9","83.8","84.4","58.0","41.5","0.00","4.6","10.7","W","0.00","660","72.0","29.98","83.6"
"2015-08-18","16:00","82.9","83.1","83.6","59.1","44.3","0.00","5.1","10.7","SW","0.00","546","72.8","29.96","83.1"
"2015-08-18","17:00","83.5","84.0","84.4","58.9","42.7","0.00","4.3","9.6","W","0.00","392","73.5","29.95","83.8"
"2015-08-18","18:00","82.5","83.2","84.0","58.7","43.4","0.00","3.6","8.2","W","0.00","228","73.9","29.93","83.1"
"2015-08-18","19:00","77.4","80.0","81.8","59.2","49.1","0.00","2.4","6.0","W","0.00","74","74.2","29.92","79.9"
"2015-08-18","20:00","69.6","71.8","73.9","60.4","67.4","0.00","0.0","2.1","W","0.00","3","74.2","29.91","71.8"
"2015-08-18","21:00","66.8","67.9","69.0","60.3","76.8","0.00","0.0","2.1","NW","0.00","0","74.1","29.92","67.8"
"2015-08-18","22:00","65.8","66.1","66.3","59.6","79.6","0.00","0.0","0.0","N","0.00","0","73.8","29.92","66.1"
"2015-08-18","23:00","63.8","64.6","65.2","58.9","81.6","0.00","0.3","3.5","NW","0.00","0","73.5","29.93","64.6"
"2015-08-18","24:00","62.7","63.2","63.5","58.4","84.4","0.00","0.1","2.4","NW","0.00","0","73.1","29.93","63.1"
"2015-08-19","01:00","61.4","62.3","63.0","58.0","85.9","0.00","0.0","1.4","NW","0.00","0","72.7","29.93","62.2"
"2015-08-19","02:00","61.6","62.1","62.7","57.5","84.7","0.00","0.0","2.1","NW","0.00","0","72.3","29.93","62.1"
"2015-08-19","03:00","60.5","61.0","61.6","57.2","87.4","0.00","0.0","1.7","W","0.00","0","71.9","29.93","60.9"
"2015-08-19","04:00","59.4","59.8","60.3","57.2","91.2","0.00","0.0","0.0","N","0.01","0","71.6","29.93","59.6"
"2015-08-19","05:00","58.8","59.0","59.3","57.1","93.1","0.00","0.0","0.0","N","0.10","0","71.2","29.92","58.9"
"2015-08-19","06:00","58.9","59.1","59.3","57.2","93.4","0.00","0.0","1.4","NW","0.19","13","70.8","29.93","59.0"
"2015-08-19","07:00","59.7","61.1","62.9","58.6","91.5","0.00","0.0","1.7","SW","0.12","38","70.5","29.93","61.0"
"2015-08-19","08:00","66.4","68.8","70.7","58.7","70.4","0.00","1.8","4.9","SW","0.00","200","70.2","29.93","68.6"
"2015-08-19","09:00","71.7","72.9","74.4","59.9","63.9","0.00","2.6","5.3","E","0.00","485","70.0","29.92","72.6"
"2015-08-19","10:00","74.1","74.9","76.0","60.5","61.1","0.00","2.6","6.7","SE","0.00","626","69.9","29.92","74.8"
"2015-08-19","11:00","77.1","78.1","79.0","61.5","56.7","0.00","3.1","5.7","E","0.00","727","70.1","29.92","78.2"
"2015-08-19","12:00","80.1","80.6","81.3","62.3","53.7","0.00","2.9","7.1","E","0.00","790","70.7","29.91","80.7"
"2015-08-19","13:00","82.8","84.1","85.5","61.0","45.7","0.00","3.3","6.7","E","0.00","799","71.5","29.90","84.3"
"2015-08-19","14:00","86.0","86.4","86.8","59.3","40.0","0.00","3.3","7.4","E","0.00","758","72.4","29.88","86.5"
"2015-08-19","15:00","86.1","87.7","89.3","58.0","37.1","0.00","3.1","7.1","SE","0.00","668","73.4","29.87","87.7"
"2015-08-19","16:00","89.1","89.6","90.1","51.5","27.3","0.00","3.4","7.1","SW","0.00","541","74.3","29.85","89.6"
"2015-08-19","17:00","89.0","89.3","89.8","52.0","28.0","0.00","3.1","6.4","SW","0.00","383","75.0","29.83","89.4"
"2015-08-19","18:00","84.9","86.6","88.7","53.8","32.6","0.00","4.2","9.6","W","0.00","211","75.5","29.82","86.5"
"2015-08-19","19:00","79.6","81.7","83.6","55.0","39.9","0.00","3.9","8.5","NW","0.00","53","75.8","29.81","81.6"
"2015-08-19","20:00","73.1","75.6","78.0","57.3","53.2","0.00","4.3","9.6","NW","0.00","2","75.7","29.80","75.6"
"2015-08-19","21:00","69.0","70.2","71.7","57.1","63.1","0.00","3.3","8.9","NW","0.00","0","75.6","29.81","70.2"
"2015-08-19","22:00","66.0","67.0","67.8","57.1","70.6","0.00","1.4","6.0","NW","0.00","0","75.2","29.84","66.9"
"2015-08-19","23:00","64.2","65.1","65.4","57.3","75.8","0.00","0.6","5.7","N","0.00","0","74.8","29.85","65.0"
"2015-08-19","24:00","63.6","64.5","65.0","57.1","76.9","0.00","1.4","4.9","NW","0.00","0","74.4","29.86","64.4"
"2015-08-20","01:00","61.2","62.5","64.1","57.5","83.8","0.00","0.6","4.6","W","0.00","0","73.9","29.88","62.3"
"2015-08-20","02:00","61.0","61.5","62.2","57.7","87.2","0.00","0.6","4.9","E","0.00","0","73.5","29.89","61.3"
"2015-08-20","03:00","62.8","63.1","63.4","58.1","83.6","0.00","2.3","7.4","E","0.00","0","73.1","29.90","63.0"
"2015-08-20","04:00","63.5","63.6","63.7","58.0","82.0","0.00","2.6","5.7","E","0.00","0","72.7","29.90","63.5"
"2015-08-20","05:00","63.6","63.8","63.8","58.3","82.4","0.00","2.2","4.9","E","0.00","0","72.4","29.90","63.6"
"2015-08-20","06:00","61.8","62.7","63.4","59.4","89.0","0.00","2.5","6.4","E","0.15","4","72.1","29.91","62.6"
"2015-08-20","07:00","61.4","61.5","61.5","58.7","90.7","0.00","2.6","6.7","SE","0.61","32","71.8","29.92","61.3"
"2015-08-20","08:00","61.1","61.4","61.5","57.9","88.3","0.00","2.8","8.9","SE","0.00","66","71.6","29.94","61.2"
"2015-08-20","09:00","61.1","61.3","61.4","56.6","84.5","0.00","3.2","8.2","E","0.00","92","71.4","29.95","61.2"
"2015-08-20","10:00","61.0","61.4","61.8","56.1","82.6","0.00","3.5","8.9","E","0.00","122","71.2","29.96","61.4"
"2015-08-20","11:00","61.7","62.0","62.5","55.4","78.8","0.00","3.4","9.2","E","0.00","126","71.1","29.97","62.0"
"2015-08-20","12:00","63.7","65.2","66.4","55.1","69.8","0.00","3.4","8.2","E","0.00","376","71.0","29.96","65.1"
"2015-08-20","13:00","67.0","68.4","69.7","54.2","60.4","0.00","3.8","11.0","SE","0.00","609","71.0","29.94","68.4"
"2015-08-20","14:00","70.4","71.1","72.2","52.8","52.5","0.00","4.2","11.0","S","0.00","758","71.2","29.93","71.1"
"2015-08-20","15:00","72.5","72.8","73.2","51.8","47.6","0.00","4.0","11.7","S","0.00","668","71.6","29.92","72.8"
"2015-08-20","16:00","72.9","73.3","73.6","51.2","45.9","0.00","4.1","9.9","S","0.00","539","72.2","29.91","73.2"
"2015-08-20","17:00","72.9","73.3","73.6","51.5","46.3","0.00","3.0","8.9","SE","0.00","359","72.7","29.90","73.3"
"2015-08-20","18:00","71.7","72.6","73.4","51.9","48.0","0.00","2.7","6.7","SE","0.00","213","73.1","29.88","72.6"
"2015-08-20","19:00","67.7","69.7","71.2","52.7","55.0","0.00","1.7","5.7","SE","0.00","64","73.3","29.87","69.6"
"2015-08-20","20:00","65.4","65.9","66.8","53.9","65.1","0.00","1.9","6.4","SE","0.00","2","73.3","29.88","65.8"
"2015-08-20","21:00","63.2","64.3","65.4","53.4","67.7","0.00","2.0","6.0","SE","0.00","0","73.1","29.90","64.2"
"2015-08-20","22:00","61.5","62.0","62.7","53.6","73.9","0.00","1.7","8.5","SE","0.00","0","72.8","29.91","61.8"
"2015-08-20","23:00","60.2","60.7","61.2","53.3","76.5","0.00","2.8","7.4","E","0.00","0","72.5","29.92","60.6"
"2015-08-20","24:00","59.6","59.7","60.0","52.4","76.7","0.00","2.2","5.3","SE","0.00","0","72.1","29.92","59.6"
"2015-08-21","01:00","59.7","59.8","59.9","52.7","77.1","0.00","1.9","6.4","SE","0.00","0","71.7","29.92","59.7"
"2015-08-21","02:00","59.8","59.9","60.0","52.8","77.4","0.00","2.5","6.0","E","0.00","0","71.4","29.91","59.8"
"2015-08-21","03:00","59.3","59.5","59.6","53.0","78.8","0.00","2.4","7.4","E","0.00","0","71.1","29.92","59.4"
"2015-08-21","04:00","59.0","59.1","59.1","52.8","79.5","0.00","2.4","7.4","E","0.00","0","70.8","29.92","59.0"
"2015-08-21","05:00","58.8","58.9","58.9","52.2","78.3","0.00","2.0","5.7","E","0.00","0","70.5","29.93","58.7"
"2015-08-21","06:00","58.8","58.9","59.0","52.0","77.9","0.00","2.5","5.7","E","0.00","7","70.3","29.94","58.8"
"2015-08-21","07:00","59.1","59.5","59.9","51.8","75.5","0.00","2.6","5.7","E","0.00","62","70.0","29.95","59.4"
"2015-08-21","08:00","59.9","60.6","61.2","52.4","74.2","0.00","2.9","7.8","E","0.00","150","69.8","29.95","60.5"
"2015-08-21","09:00","61.6","62.3","63.7","52.7","70.9","0.00","3.2","6.7","E","0.00","289","69.7","29.96","62.2"
"2015-08-21","10:00","62.3","63.1","64.1","53.2","70.1","0.00","3.8","9.9","E","0.00","358","69.6","29.97","63.0"
"2015-08-21","11:00","65.1","65.7","66.3","54.5","67.0","0.00","4.0","9.2","E","0.00","722","69.7","29.98","65.7"
"2015-08-21","12:00","66.7","67.3","67.9","54.5","63.4","0.00","3.7","9.6","E","0.00","685","70.0","29.99","67.4"
"2015-08-21","13:00","67.5","68.2","68.9","54.3","61.1","0.00","3.0","9.2","E","0.00","613","70.5","30.00","68.2"
"2015-08-21","14:00","70.0","70.4","70.7","54.4","56.8","0.00","3.2","8.2","E","0.00","695","71.1","30.01","70.4"
"2015-08-21","15:00","69.6","71.2","72.1","54.5","55.4","0.00","3.0","7.1","E","0.00","624","71.8","30.01","71.3"
"2015-08-21","16:00","71.5","71.9","72.4","52.6","50.6","0.00","3.6","7.1","S","0.00","555","72.4","30.01","71.9"
"2015-08-21","17:00","71.9","72.3","72.7","51.3","47.5","0.00","3.1","7.4","S","0.00","385","73.0","30.01","72.3"
"2015-08-21","18:00","72.2","72.5","72.8","48.2","42.1","0.00","2.9","6.7","SW","0.00","219","73.4","30.01","72.4"
"2015-08-21","19:00","66.2","69.7","71.8","49.3","48.7","0.00","1.6","4.9","W","0.00","69","73.6","30.01","69.6"
"2015-08-21","20:00","61.3","62.5","64.1","52.5","69.8","0.00","0.0","0.0","N","0.00","2","73.5","30.03","62.3"
"2015-08-21","21:00","60.1","60.3","60.7","52.1","74.3","0.00","0.0","0.0","N","0.00","0","73.3","30.06","60.3"
"2015-08-21","22:00","57.4","58.2","58.8","52.6","81.7","0.00","0.0","0.0","N","0.00","0","73.0","30.07","58.0"
"2015-08-21","23:00","56.5","57.2","57.6","52.1","83.1","0.00","0.0","0.0","N","0.00","0","72.6","30.08","57.1"
"2015-08-21","24:00","56.4","56.6","56.7","51.6","83.3","0.00","0.0","0.0","N","0.00","0","72.2","30.09","56.5"
"2015-08-22","01:00","55.1","55.5","55.9","51.3","85.5","0.00","0.4","3.1","SW","0.00","0","71.7","30.09","55.4"
"2015-08-22","02:00","54.6","55.4","56.7","51.4","86.4","0.00","0.3","2.8","SW","0.00","0","71.3","30.09","55.2"
"2015-08-22","03:00","54.2","54.5","54.8","51.8","90.6","0.00","0.9","3.1","NW","0.04","0","70.9","30.10","54.4"
"2015-08-22","04:00","52.6","53.2","53.8","51.1","92.4","0.00","0.3","2.8","SW","0.12","0","70.4","30.11","53.0"
"2015-08-22","05:00","52.9","53.4","54.3","51.1","91.9","0.00","0.7","3.1","W","0.36","0","70.0","30.11","53.2"
"2015-08-22","06:00","52.7","53.1","53.8","51.3","93.6","0.00","0.2","2.4","NW","0.50","13","69.6","30.12","52.9"
"2015-08-22","07:00","53.5","54.7","55.7","52.3","91.4","0.00","0.6","2.8","W","0.58","66","69.3","30.13","54.5"
"2015-08-22","08:00","57.1","58.1","58.8","53.6","84.9","0.00","0.8","4.2","NW","0.09","152","68.9","30.13","57.9"
"2015-08-22","09:00","59.5","61.0","62.0","53.2","75.4","0.00","1.8","4.9","N","0.00","290","68.7","30.12","60.8"
"2015-08-22","10:00","62.3","63.6","64.4","54.3","71.6","0.00","2.5","4.9","SE","0.00","412","68.6","30.11","63.5"
"2015-08-22","11:00","65.5","66.5","67.4","54.9","66.1","0.00","2.9","5.7","E","0.00","493","68.7","30.09","66.5"
"2015-08-22","12:00","68.4","70.0","72.0","54.9","58.6","0.00","2.8","4.9","E","0.00","627","68.9","30.08","70.1"
"2015-08-22","13:00","73.4","74.6","76.1","55.3","51.1","0.00","4.1","8.2","SW","0.00","695","69.4","30.07","74.5"
"2015-08-22","14:00","76.8","77.4","78.1","51.3","40.3","0.00","5.2","9.2","SW","0.00","671","70.0","30.05","77.3"
"2015-08-22","15:00","78.6","79.5","80.2","47.8","32.9","0.00","4.5","8.9","W","0.00","590","70.7","30.03","79.4"
"2015-08-22","16:00","79.4","79.9","80.3","47.6","32.2","0.00","5.0","11.4","W","0.00","476","71.4","30.01","79.8"
"2015-08-22","17:00","78.0","78.4","79.1","48.2","34.5","0.00","5.0","9.2","W","0.00","320","72.0","30.00","78.3"
"2015-08-22","18:00","74.4","76.0","77.3","49.7","39.6","0.00","4.4","9.6","W","0.00","153","72.4","29.98","75.9"
"2015-08-22","19:00","68.0","71.9","74.1","52.0","50.0","0.00","2.1","6.7","W","0.00","44","72.5","29.96","71.8"
"2015-08-22","20:00","63.1","64.2","65.8","54.2","69.9","0.00","0.0","0.0","N","0.00","1","72.5","29.97","64.0"
"2015-08-22","21:00","61.5","62.0","62.9","52.9","71.9","0.00","0.0","2.4","NW","0.00","0","72.3","29.98","62.0"
"2015-08-22","22:00","60.5","61.1","61.3","51.9","71.8","0.00","0.0","0.0","N","0.00","0","72.0","29.99","61.1"
"2015-08-22","23:00","58.6","59.4","59.9","52.0","76.3","0.00","0.0","0.0","N","0.00","0","71.6","29.98","59.4"
"2015-08-22","24:00","56.8","57.8","58.7","52.2","81.8","0.00","0.0","0.0","N","0.00","0","71.3","29.97","57.7"
"2015-08-23","01:00","55.7","56.1","56.9","52.1","86.2","0.00","0.0","0.0","N","0.00","0","70.9","29.97","56.0"
"2015-08-23","02:00","55.4","55.6","55.8","51.7","86.7","0.00","0.0","0.0","N","0.00","0","70.5","29.97","55.4"
"2015-08-23","03:00","54.9","55.1","55.3","51.6","87.7","0.00","0.2","3.9","W","0.00","0","70.1","29.97","55.0"
"2015-08-23","04:00","54.9","55.0","55.1","51.3","87.1","0.00","1.0","2.8","NW","0.00","0","69.8","29.97","54.9"
"2015-08-23","05:00","54.1","54.4","54.8","51.0","88.4","0.00","0.5","2.8","NW","0.00","0","69.4","29.97","54.2"
"2015-08-23","06:00","53.5","53.9","54.6","51.4","91.3","0.00","0.5","2.4","NW","0.03","11","69.0","29.97","53.8"
"2015-08-23","07:00","53.9","54.8","55.9","52.4","91.5","0.00","0.4","2.4","N","0.05","62","68.7","29.98","54.7"
"2015-08-23","08:00","57.4","60.6","63.3","53.3","77.0","0.00","0.1","2.4","E","0.00","172","68.4","29.98","60.2"
"2015-08-23","09:00","64.3","64.6","65.5","54.9","70.6","0.00","2.2","5.3","E","0.00","358","68.2","29.97","64.4"
"2015-08-23","10:00","65.9","67.5","69.2","54.9","64.1","0.00","1.7","4.6","E","0.00","512","68.1","29.96","67.5"
"2015-08-23","11:00","70.0","71.2","72.2","55.9","58.4","0.00","2.3","4.6","E","0.00","624","68.3","29.96","71.4"
"2015-08-23","12:00","71.8","73.1","74.0","57.1","57.3","0.00","2.5","5.3","E","0.00","665","68.7","29.96","73.3"
"2015-08-23","13:00","74.7","75.9","77.4","54.8","47.9","0.00","3.5","7.4","SE","0.00","678","69.3","29.95","76.0"
"2015-08-23","14:00","77.9","78.9","79.8","54.2","42.5","0.00","3.0","6.4","E","0.00","634","70.1","29.95","79.0"
"2015-08-23","15:00","79.0","79.3","79.4","50.3","36.3","0.00","3.7","7.4","SW","0.00","478","70.9","29.94","79.2"
"2015-08-23","16:00","79.5","80.5","81.0","48.9","33.2","0.00","3.0","7.4","SW","0.00","420","71.6","29.92","80.6"
"2015-08-23","17:00","79.5","79.9","80.3","49.0","34.0","0.00","3.8","7.8","SW","0.00","280","72.1","29.92","79.9"
"2015-08-23","18:00","77.1","77.8","78.9","48.4","35.5","0.00","3.6","8.2","W","0.00","152","72.5","29.92","77.8"
"2015-08-23","19:00","72.7","74.3","76.1","47.7","38.9","0.00","3.1","6.4","W","0.00","45","72.6","29.92","74.2"
"2015-08-23","20:00","66.9","70.0","71.4","49.2","48.0","0.00","2.3","7.4","NW","0.00","1","72.6","29.92","69.9"
"2015-08-23","21:00","63.3","63.9","64.8","52.9","67.4","0.00","0.4","3.5","N","0.00","0","72.5","29.96","63.8"
"2015-08-23","22:00","62.2","62.9","63.3","53.4","71.2","0.00","0.8","4.2","NW","0.00","0","72.2","29.98","62.7"
"2015-08-23","23:00","58.6","59.6","60.5","53.3","79.8","0.00","0.0","0.0","N","0.00","0","71.8","29.99","59.4"
"2015-08-23","24:00","56.7","57.3","57.9","52.3","83.3","0.00","0.0","0.0","N","0.00","0","71.5","30.00","57.1"
"2015-08-24","01:00","55.9","56.3","56.9","50.6","81.0","0.00","0.2","2.4","N","0.00","0","71.1","30.01","56.1"
"2015-08-24","02:00","55.1","55.4","55.8","50.2","82.8","0.00","0.4","2.4","NW","0.00","0","70.7","30.02","55.2"
"2015-08-24","03:00","53.9","54.5","56.0","49.8","84.1","0.00","0.5","3.1","W","0.00","0","70.3","30.03","54.4"
"2015-08-24","04:00","53.1","53.2","53.3","50.1","89.3","0.00","0.0","1.7","N","0.01","0","69.9","30.04","53.1"
"2015-08-24","05:00","53.1","53.4","53.8","49.9","88.0","0.00","1.7","3.5","NW","0.02","0","69.6","30.04","53.3"
"2015-08-24","06:00","52.4","52.6","53.1","50.1","91.2","0.00","1.1","3.1","NW","0.01","13","69.2","30.05","52.5"
"2015-08-24","07:00","53.1","55.4","57.8","52.0","88.3","0.00","0.7","4.6","E","0.01","50","68.8","30.06","55.2"
"2015-08-24","08:00","59.1","60.5","61.5","52.4","74.4","0.00","1.6","5.7","E","0.00","166","68.5","30.06","60.3"
"2015-08-24","09:00","61.6","62.3","63.2","52.2","69.3","0.00","2.6","6.0","E","0.00","335","68.3","30.06","62.2"
"2015-08-24","10:00","64.6","65.3","65.8","52.4","63.1","0.00","2.7","6.0","E","0.00","601","68.2","30.05","65.1"
"2015-08-24","11:00","66.1","66.7","67.3","52.7","60.6","0.00","3.1","6.0","E","0.00","697","68.3","30.05","66.9"
"2015-08-24","12:00","66.6","67.6","68.5","52.0","57.3","0.00","3.0","6.4","S","0.00","579","68.7","30.04","67.7"
"2015-08-24","13:00","68.8","69.8","70.4","52.0","53.3","0.00","3.5","8.9","SW","0.00","683","69.3","30.04","69.8"
"2015-08-24","14:00","70.1","71.5","72.1","52.4","50.9","0.00","3.3","7.8","W","0.00","616","70.0","30.03","71.5"
"2015-08-24","15:00","72.1","72.9","73.5","51.4","46.9","0.00","3.5","8.2","SE","0.00","550","70.7","30.02","72.9"
"2015-08-24","16:00","73.8","74.4","74.8","51.0","43.9","0.00","3.7","7.8","SW","0.00","521","71.4","30.02","74.4"
"2015-08-24","17:00","71.7","72.5","72.8","50.1","45.3","0.00","3.5","7.4","W","0.00","215","71.9","30.01","72.4"
"2015-08-24","18:00","70.6","71.2","71.6","50.7","48.3","0.00","3.5","8.2","W","0.00","121","72.3","30.00","71.1"
"2015-08-24","19:00","67.6","69.1","70.8","47.2","45.5","0.00","3.8","8.5","W","0.00","56","72.5","30.01","69.1"
"2015-08-24","20:00","64.3","65.5","66.7","45.5","48.4","0.00","2.9","7.8","W","0.00","3","72.4","30.03","65.5"
"2015-08-24","21:00","58.5","61.1","63.3","46.9","59.8","0.00","0.7","4.2","NW","0.00","0","72.3","30.05","61.0"
"2015-08-24","22:00","57.1","58.9","60.7","47.9","67.1","0.00","0.6","6.4","NW","0.00","0","71.9","30.07","58.7"
"2015-08-24","23:00","54.5","55.7","57.2","48.9","78.0","0.00","0.3","2.4","N","0.00","0","71.6","30.08","55.5"
"2015-08-24","24:00","54.2","54.6","55.4","49.3","82.1","0.00","0.2","2.8","N","0.00","0","71.2","30.09","54.4"
"2015-08-25","01:00","53.1","53.9","54.7","48.8","82.8","0.00","0.2","3.1","SW","0.00","0","70.8","30.09","53.6"
"2015-08-25","02:00","52.8","52.9","53.1","48.5","84.8","0.00","0.0","1.7","W","0.00","0","70.3","30.10","52.7"
"2015-08-25","03:00","51.8","52.0","52.4","48.7","88.2","0.00","0.0","1.4","NW","0.02","0","69.9","30.10","51.9"
"2015-08-25","04:00","50.9","51.5","51.9","48.2","88.3","0.00","0.0","1.4","NW","0.07","0","69.5","30.10","51.3"
"2015-08-25","05:00","50.8","51.0","51.1","48.5","91.1","0.00","0.8","2.4","NW","0.13","0","69.1","30.10","50.9"
"2015-08-25","06:00","50.2","50.6","50.8","48.7","93.4","0.00","0.1","2.1","NW","0.42","10","68.7","30.11","50.4"
"2015-08-25","07:00","51.5","53.8","55.7","49.5","85.5","0.00","1.0","3.1","W","0.42","32","68.4","30.12","53.6"
"2015-08-25","08:00","56.4","59.5","61.6","51.2","74.0","0.00","1.0","4.9","SE","0.00","188","68.0","30.12","58.9"
"2015-08-25","09:00","63.2","64.2","65.1","50.1","60.2","0.00","2.8","7.1","NW","0.00","475","67.8","30.10","63.8"
"2015-08-25","10:00","65.6","66.5","67.2","50.7","56.7","0.00","3.2","8.9","E","0.00","622","67.7","30.09","66.3"
"2015-08-25","11:00","67.5","68.5","69.5","51.9","55.4","0.00","3.2","6.4","E","0.00","722","67.9","30.08","68.6"
"2015-08-25","12:00","70.0","72.1","73.5","48.6","43.5","0.00","4.6","10.3","W","0.00","784","68.4","30.07","72.0"
"2015-08-25","13:00","73.9","74.3","74.8","45.1","35.3","0.00","5.2","9.6","W","0.00","799","69.1","30.06","74.2"
"2015-08-25","14:00","74.9","75.3","75.7","42.9","31.3","0.00","5.6","10.3","W","0.00","762","69.9","30.05","75.1"
"2015-08-25","15:00","76.0","76.5","76.9","43.5","30.8","0.00","5.1","12.1","W","0.00","672","70.8","30.03","76.4"
"2015-08-25","16:00","76.8","77.0","77.1","43.6","30.5","0.00","5.3","12.8","W","0.00","514","71.6","30.01","76.8"
"2015-08-25","17:00","75.0","75.4","75.7","44.4","33.1","0.00","5.3","11.4","W","0.00","272","72.2","30.00","75.3"
"2015-08-25","18:00","74.1","74.8","75.2","44.6","34.0","0.00","5.0","12.1","W","0.00","226","72.6","29.99","74.6"
"2015-08-25","19:00","69.9","71.4","72.7","45.3","39.2","0.00","3.0","8.5","W","0.00","38","72.7","29.98","71.3"
"2015-08-25","20:00","61.4","63.5","67.1","49.1","59.5","0.00","0.3","3.5","W","0.00","0","72.7","29.99","63.4"
"2015-08-25","21:00","60.3","60.7","61.4","50.3","68.5","0.00","0.6","2.4","N","0.00","0","72.5","30.00","60.7"
"2015-08-25","22:00","59.1","59.9","60.9","50.0","69.9","0.00","0.0","0.0","N","0.00","0","72.2","29.99","59.8"
"2015-08-25","23:00","59.2","59.3","59.4","50.4","72.2","0.00","0.0","0.0","N","0.00","0","71.8","30.00","59.2"
"2015-08-25","24:00","56.8","58.2","59.4","50.8","76.3","0.00","0.0","0.0","N","0.00","0","71.4","30.00","58.0"
"2015-08-26","01:00","55.8","56.0","56.1","51.0","83.3","0.00","0.0","0.0","N","0.00","0","71.1","30.00","55.8"
"2015-08-26","02:00","54.4","54.7","55.0","50.8","86.5","0.00","0.0","0.0","N","0.00","0","70.7","30.00","54.5"
"2015-08-26","03:00","54.3","54.4","54.5","51.0","88.3","0.00","0.0","0.0","N","0.00","0","70.4","30.00","54.3"
"2015-08-26","04:00","53.9","54.3","54.6","51.0","88.4","0.00","0.2","2.4","NW","0.01","0","70.0","30.01","54.2"
"2015-08-26","05:00","52.7","53.5","54.2","51.0","91.1","0.00","0.7","2.4","NW","0.05","0","69.6","30.02","53.4"
"2015-08-26","06:00","52.6","52.7","52.8","50.9","93.6","0.00","0.0","0.0","N","0.20","14","69.3","30.03","52.5"
"2015-08-26","07:00","53.7","55.9","57.6","52.2","87.4","0.00","0.1","2.8","W","0.11","70","68.9","30.04","55.7"
"2015-08-26","08:00","58.5","60.6","62.7","53.2","76.7","0.00","0.9","5.3","N","0.00","188","68.6","30.04","60.3"
"2015-08-26","09:00","63.6","65.9","67.9","51.8","60.3","0.00","3.2","8.5","W","0.00","447","68.5","30.03","65.7"
"2015-08-26","10:00","68.1","69.6","71.2","52.6","54.7","0.00","3.1","6.4","W","0.00","572","68.4","30.01","69.4"
"2015-08-26","11:00","71.2","72.4","74.3","54.6","53.5","0.00","2.8","4.9","E","0.00","705","68.6","30.01","72.6"
"2015-08-26","12:00","74.4","74.9","75.7","56.0","51.7","0.00","2.6","5.7","E","0.00","764","69.1","30.01","75.1"
"2015-08-26","13:00","76.2","77.2","78.1","50.3","39.2","0.00","3.8","7.8","SW","0.00","754","69.8","30.00","77.3"
"2015-08-26","14:00","78.4","79.2","79.8","47.0","32.2","0.00","4.0","8.5","SW","0.00","699","70.6","29.99","79.2"
"2015-08-26","15:00","80.0","80.2","80.5","46.1","30.2","0.00","3.8","7.4","SW","0.00","601","71.4","29.98","80.2"
"2015-08-26","16:00","80.5","81.1","81.8","44.1","27.1","0.00","3.4","6.7","SW","0.00","471","72.2","29.97","81.1"
"2015-08-26","17:00","80.2","80.8","81.7","45.3","28.6","0.00","3.2","6.0","SW","0.00","284","72.8","29.96","80.8"
"2015-08-26","18:00","80.0","80.3","80.6","43.8","27.5","0.00","2.7","6.4","SW","0.00","217","73.3","29.96","80.3"
"2015-08-26","19:00","71.7","75.4","79.0","46.1","36.1","0.00","1.2","5.3","W","0.00","57","73.4","29.95","75.5"
"2015-08-26","20:00","66.9","68.0","70.0","51.6","55.8","0.00","0.3","2.4","W","0.00","0","73.4","29.96","67.9"
"2015-08-26","21:00","63.3","63.9","64.9","51.3","63.6","0.00","0.0","0.0","N","0.00","0","73.3","29.98","63.7"
"2015-08-26","22:00","62.4","62.5","62.7","49.9","63.2","0.00","0.2","2.8","NW","0.00","0","73.0","30.00","62.5"
"2015-08-26","23:00","61.0","61.6","62.8","50.1","65.8","0.00","0.0","0.0","N","0.00","0","72.7","30.01","61.6"
"2015-08-26","24:00","59.5","60.4","61.3","51.2","71.7","0.00","0.0","0.0","N","0.00","0","72.3","30.02","60.3"
"2015-08-27","01:00","58.7","59.3","59.7","51.6","75.5","0.00","0.0","0.0","N","0.00","0","72.0","30.03","59.2"
"2015-08-27","02:00","58.6","58.8","58.8","51.3","76.1","0.00","0.0","0.0","N","0.00","0","71.6","30.04","58.7"
"2015-08-27","03:00","58.6","58.8","59.0","52.0","78.3","0.00","0.0","0.0","N","0.00","0","71.2","30.04","58.7"
"2015-08-27","04:00","58.3","58.6","58.8","52.5","80.0","0.00","0.0","0.0","N","0.00","0","70.9","30.05","58.5"
"2015-08-27","05:00","57.8","58.3","58.7","52.9","82.0","0.00","0.0","0.0","N","0.00","0","70.6","30.06","58.2"
"2015-08-27","06:00","56.8","57.3","57.6","53.1","85.8","0.00","0.3","2.8","N","0.00","12","70.3","30.08","57.1"
"2015-08-27","07:00","58.7","60.7","62.5","53.6","77.7","0.00","1.2","5.7","NE","0.00","51","70.0","30.09","60.5"
"2015-08-27","08:00","63.4","64.4","65.8","54.6","70.5","0.00","2.0","5.3","E","0.00","166","69.8","30.09","64.2"
"2015-08-27","09:00","66.7","68.2","69.6","54.1","60.7","0.00","2.9","5.7","SE","0.00","444","69.6","30.08","67.9"
"2015-08-27","10:00","70.3","71.2","71.5","55.1","56.8","0.00","2.6","5.3","E","0.00","576","69.6","30.08","71.0"
"2015-08-27","11:00","72.4","73.3","73.7","55.2","53.1","0.00","2.7","5.3","E","0.00","656","69.7","30.08","73.5"
"2015-08-27","12:00","74.4","75.8","76.7","55.0","48.5","0.00","3.0","7.1","SE","0.00","742","70.1","30.08","76.0"
"2015-08-27","13:00","78.1","78.8","79.6","49.6","36.0","0.00","3.7","7.4","S","0.00","772","70.7","30.06","78.9"
"2015-08-27","14:00","80.7","81.0","81.5","50.0","33.9","0.00","3.2","7.1","SE","0.00","732","71.5","30.04","81.2"
"2015-08-27","15:00","81.5","82.1","82.5","50.9","33.8","0.00","2.6","5.7","E","0.00","646","72.3","30.01","82.3"
"2015-08-27","16:00","83.3","83.4","83.5","50.8","32.5","0.00","2.5","4.6","E","0.00","487","73.1","29.99","83.5"
"2015-08-27","17:00","81.0","82.1","83.8","52.9","36.9","0.00","1.7","5.3","NE","0.00","256","73.8","29.97","82.2"
"2015-08-27","18:00","77.6","79.2","80.6","56.2","45.3","0.00","0.5","3.5","W","0.00","132","74.2","29.96","79.4"
"2015-08-27","19:00","70.6","73.8","77.0","55.4","52.9","0.00","0.6","2.8","W","0.00","32","74.4","29.93","73.7"
"2015-08-27","20:00","67.6","68.9","69.9","55.2","61.6","0.00","0.6","3.5","NW","0.00","0","74.4","29.93","68.8"
"2015-08-27","21:00","65.4","66.1","67.3","54.8","66.9","0.00","0.5","2.4","NW","0.00","0","74.3","29.95","66.0"
"2015-08-27","22:00","65.4","66.0","66.3","55.7","69.4","0.00","0.2","3.5","NW","0.00","0","74.0","29.95","65.9"
"2015-08-27","23:00","67.3","70.4","71.6","50.1","49.2","0.00","2.0","9.2","W","0.00","0","73.7","29.95","70.3"
"2015-08-27","24:00","66.8","67.4","68.4","51.1","55.7","0.00","0.7","3.5","NW","0.00","0","73.4","29.94","67.4"
"2015-08-28","01:00","64.7","66.7","68.0","51.5","58.4","0.00","1.2","6.4","SW","0.00","0","73.1","29.95","66.6"
"2015-08-28","02:00","64.1","64.7","65.9","53.6","67.2","0.00","0.3","3.1","E","0.00","0","72.8","29.96","64.6"
"2015-08-28","03:00","65.7","66.5","67.2","51.5","58.6","0.00","1.9","7.4","SE","0.00","0","72.6","29.96","66.4"
"2015-08-28","04:00","64.4","65.2","65.6","53.1","65.0","0.00","2.5","10.3","SE","0.00","0","72.3","29.98","65.1"
"2015-08-28","05:00","62.7","62.9","63.1","56.8","80.6","0.00","3.5","8.9","E","0.12","0","72.1","29.99","62.8"
"2015-08-28","06:00","62.0","62.4","62.8","58.9","88.2","0.00","3.5","7.4","E","0.70","3","71.8","29.99","62.3"
"2015-08-28","07:00","62.8","63.0","63.1","58.0","83.8","0.00","2.4","8.2","E","0.04","31","71.6","29.99","62.9"
"2015-08-28","08:00","63.7","64.4","64.7","57.0","76.8","0.00","2.0","7.4","E","0.00","107","71.4","29.98","64.3"
"2015-08-28","09:00","65.2","66.1","67.3","56.8","71.8","0.00","2.3","6.7","E","0.00","212","71.2","29.97","66.1"
"2015-08-28","10:00","69.6","69.8","70.2","56.9","63.5","0.00","3.1","7.1","E","0.00","402","71.1","29.95","69.7"
"2015-08-28","11:00","70.2","70.4","70.6","56.4","61.0","0.00","3.0","7.1","S","0.00","312","71.2","29.95","70.5"
"2015-08-28","12:00","69.4","70.0","70.9","56.8","62.9","0.00","3.1","8.5","S","0.00","313","71.3","29.94","70.0"
"2015-08-28","13:00","72.6","72.8","73.1","57.7","59.2","0.00","3.1","7.4","SE","0.00","596","71.5","29.94","72.9"
"2015-08-28","14:00","72.2","72.8","73.5","57.9","59.5","0.00","2.6","6.7","E","0.00","320","71.8","29.92","72.9"
"2015-08-28","15:00","72.8","73.8","74.7","58.0","57.9","0.00","1.5","4.2","NE","0.00","289","72.1","29.89","73.8"
"2015-08-28","16:00","72.4","73.0","73.8","59.3","62.2","0.00","1.5","4.2","N","0.01","187","72.4","29.87","73.0"
"2015-08-28","17:00","70.7","71.4","72.1","60.8","69.4","0.00","0.6","3.9","W","0.00","101","72.7","29.85","71.3"
"2015-08-28","18:00","68.8","69.4","69.9","61.4","75.4","0.00","0.1","2.4","NW","0.00","63","72.9","29.82","69.4"
"2015-08-28","19:00","67.9","68.5","68.9","60.1","74.6","0.00","0.6","2.8","W","0.00","17","72.9","29.80","68.4"
"2015-08-28","20:00","66.8","67.2","67.6","59.9","77.4","0.00","0.3","3.1","NW","0.00","0","72.9","29.79","67.1"
"2015-08-28","21:00","66.1","66.8","67.8","60.0","78.6","0.00","0.6","4.6","W","0.00","0","72.8","29.78","66.7"
"2015-08-28","22:00","64.6","65.2","66.5","59.9","83.1","0.00","0.3","4.9","SW","0.00","0","72.7","29.74","65.0"
"2015-08-28","23:00","63.7","64.1","64.5","61.3","90.4","0.00","0.4","3.5","SE","0.25","0","72.5","29.72","64.0"
"2015-08-28","24:00","63.9","64.5","64.7","61.5","90.1","0.01","1.7","4.6","W","0.20","0","72.3","29.67","64.3"
"2015-08-29","01:00","62.7","63.3","63.7","61.4","93.4","0.01","1.4","4.2","SW","0.22","0","72.1","29.63","63.2"
"2015-08-29","02:00","62.2","62.7","63.2","60.8","93.2","0.01","1.6","4.9","W","0.52","0","71.9","29.61","62.6"
"2015-08-29","03:00","61.9","62.2","62.3","61.3","97.0","0.00","1.1","3.1","SW","0.82","0","71.7","29.55","62.1"
"2015-08-29","04:00","62.5","62.8","63.1","61.8","96.4","0.01","1.7","7.4","W","0.91","0","71.5","29.51","62.7"
"2015-08-29","05:00","62.0","62.4","62.9","60.5","93.6","0.05","2.4","8.2","S","0.93","0","71.3","29.54","62.2"
"2015-08-29","06:00","61.9","62.1","62.4","60.8","95.2","0.20","2.4","7.1","E","0.88","1","71.2","29.59","62.0"
"2015-08-29","07:00","62.5","62.7","63.2","61.6","95.8","0.05","2.2","7.1","E","0.82","9","71.0","29.57","62.6"
"2015-08-29","08:00","63.3","63.8","64.2","61.8","93.3","0.00","3.1","8.9","E","0.80","41","70.7","29.57","63.7"
"2015-08-29","09:00","65.4","68.0","69.7","61.3","79.2","0.00","4.7","14.2","E","0.16","409","70.5","29.56","67.7"
"2015-08-29","10:00","69.0","69.8","70.6","56.2","62.2","0.00","6.1","17.5","E","0.00","236","70.4","29.56","69.8"
"2015-08-29","11:00","66.9","68.5","69.9","55.0","62.2","0.01","5.7","13.9","E","0.21","124","70.5","29.59","68.4"
"2015-08-29","12:00","67.4","68.3","68.7","56.7","66.3","0.00","7.8","22.5","E","0.00","474","70.5","29.64","68.2"
"2015-08-29","13:00","69.1","69.5","69.9","57.8","66.4","0.00","7.5","21.4","E","0.00","749","70.5","29.68","69.4"
"2015-08-29","14:00","70.0","70.9","72.2","57.4","62.4","0.00","6.6","16.7","E","0.00","658","70.7","29.72","70.7"
"2015-08-29","15:00","70.9","71.9","72.8","56.3","57.9","0.00","6.5","20.3","E","0.00","619","71.1","29.73","71.8"
"2015-08-29","16:00","69.9","70.3","70.9","55.4","59.2","0.00","5.8","15.3","SE","0.00","320","71.5","29.73","70.2"
"2015-08-29","17:00","68.7","69.9","71.1","56.0","61.5","0.00","4.9","11.0","E","0.06","177","71.8","29.73","69.8"
"2015-08-29","18:00","63.8","65.0","66.5","58.8","80.3","0.03","4.0","11.7","SE","0.46","40","72.0","29.74","64.9"
"2015-08-29","19:00","64.1","64.8","65.7","59.2","82.2","0.00","2.5","9.2","E","0.15","12","72.0","29.74","64.7"
"2015-08-29","20:00","60.2","62.9","65.4","57.9","84.1","0.08","3.4","8.5","SW","0.14","0","71.9","29.76","62.8"
"2015-08-29","21:00","57.5","57.8","58.4","56.0","93.9","0.38","3.4","11.0","S","0.84","0","71.7","29.78","57.7"
"2015-08-29","22:00","57.8","58.1","58.3","56.8","95.2","0.17","2.4","11.7","E","0.76","0","71.4","29.78","58.0"
"2015-08-29","23:00","58.1","58.2","58.6","57.0","95.7","0.25","2.2","8.5","E","0.74","0","70.9","29.77","58.1"
"2015-08-29","24:00","57.3","57.9","58.6","56.7","95.9","0.08","3.1","11.0","E","0.68","0","70.4","29.77","57.8"
"2015-08-30","01:00","57.0","57.1","57.1","55.8","95.5","0.00","1.6","5.7","E","0.68","0","70.0","29.77","57.0"
"2015-08-30","02:00","57.4","57.7","58.0","56.5","95.7","0.00","2.2","7.4","E","0.72","0","69.6","29.77","57.5"
"2015-08-30","03:00","57.9","58.1","58.2","56.3","93.8","0.02","2.4","7.8","E","0.79","0","69.3","29.79","57.9"
"2015-08-30","04:00","57.1","57.2","57.3","55.6","94.4","0.01","1.7","6.0","E","0.82","0","69.0","29.80","57.1"
"2015-08-30","05:00","57.1","57.4","57.7","56.3","96.2","0.10","3.5","11.4","E","0.78","0","68.8","29.80","57.3"
"2015-08-30","06:00","57.4","57.5","57.8","56.3","95.8","0.05","4.0","12.4","E","0.74","1","68.6","29.81","57.4"
"2015-08-30","07:00","57.1","57.2","57.3","55.9","95.4","0.00","3.7","10.3","E","0.68","27","68.3","29.84","57.1"
"2015-08-30","08:00","57.2","57.6","58.0","56.2","94.8","0.04","4.4","10.3","E","0.63","91","68.1","29.87","57.5"
"2015-08-30","09:00","57.8","59.2","60.7","57.1","92.7","0.01","4.5","11.0","E","0.34","285","67.9","29.88","59.0"
"2015-08-30","10:00","61.9","62.2","62.7","57.4","84.3","0.00","4.1","13.2","E","0.00","395","67.8","29.90","62.0"
"2015-08-30","11:00","63.4","64.2","65.1","57.1","77.4","0.00","4.4","12.8","E","0.00","554","67.8","29.91","64.2"
"2015-08-30","12:00","63.3","65.1","66.5","57.4","76.1","0.00","4.4","10.3","E","0.00","660","68.0","29.92","65.0"
"2015-08-30","13:00","63.6","65.3","66.3","57.5","75.9","0.00","4.4","10.7","E","0.00","553","68.3","29.93","65.2"
"2015-08-30","14:00","66.6","67.4","68.1","56.0","66.6","0.00","4.2","11.4","E","0.00","492","68.8","29.93","67.5"
"2015-08-30","15:00","66.6","68.1","69.2","54.5","61.7","0.00","4.3","9.9","E","0.00","484","69.3","29.94","68.0"
"2015-08-30","16:00","67.0","68.2","68.8","53.6","59.6","0.00","4.5","12.1","SE","0.00","368","69.7","29.94","68.1"
"2015-08-30","17:00","67.9","68.2","68.7","53.6","59.5","0.00","4.5","11.7","SE","0.00","331","70.1","29.94","68.1"
"2015-08-30","18:00","65.4","65.9","66.5","52.7","62.3","0.00","4.7","11.7","SE","0.00","98","70.3","29.95","65.9"
"2015-08-30","19:00","64.2","64.4","64.6","53.5","67.7","0.00","4.3","15.7","SE","0.00","8","70.4","29.96","64.3"
"2015-08-30","20:00","63.7","63.9","64.1","54.5","71.4","0.00","3.2","10.7","E","0.00","0","70.4","29.98","63.8"
"2015-08-30","21:00","63.0","63.1","63.3","54.8","74.2","0.00","3.0","8.5","E","0.00","0","70.3","29.99","63.0"
"2015-08-30","22:00","62.9","63.0","63.2","54.2","72.7","0.00","3.6","10.7","E","0.00","0","70.1","29.99","63.0"
"2015-08-30","23:00","61.5","61.9","62.7","54.4","76.3","0.00","3.9","12.4","E","0.19","0","69.9","29.98","61.8"
"2015-08-30","24:00","61.8","62.1","62.4","53.2","72.7","0.00","3.9","9.9","E","0.00","0","69.7","29.98","62.0"
"2015-08-31","01:00","62.4","62.4","62.5","52.5","69.8","0.00","4.2","10.3","E","0.01","0","69.4","29.98","62.4"
"2015-08-31","02:00","62.8","63.0","63.3","52.1","67.5","0.00","4.6","11.0","E","0.01","0","69.2","29.97","62.9"
"2015-08-31","03:00","63.3","63.4","63.5","51.8","65.8","0.00","4.7","12.4","E","0.00","0","69.0","29.96","63.4"
"2015-08-31","04:00","63.2","63.3","63.3","51.5","65.5","0.00","4.8","11.0","E","0.00","0","68.8","29.95","63.2"
"2015-08-31","05:00","62.6","62.7","63.0","52.5","69.1","0.00","4.4","13.5","E","0.00","0","68.6","29.95","62.7"
"2015-08-31","06:00","62.8","63.1","63.4","52.6","68.6","0.00","4.3","14.2","E","0.00","2","68.4","29.94","63.0"
"2015-08-31","07:00","62.5","62.9","63.3","53.2","70.6","0.00","4.6","15.3","E","0.00","18","68.2","29.95","62.8"
"2015-08-31","08:00","62.2","62.6","63.1","54.1","73.9","0.00","3.8","11.4","E","0.00","53","68.1","29.96","62.5"
"2015-08-31","09:00","61.4","62.2","63.3","55.4","78.4","0.00","4.7","13.5","E","0.08","76","68.0","29.96","62.1"
"2015-08-31","10:00","62.1","62.7","63.3","55.4","77.0","0.00","4.9","11.4","E","0.00","88","67.8","29.96","62.7"
"2015-08-31","11:00","62.0","62.6","63.5","56.4","80.3","0.01","4.2","13.5","E","0.20","92","67.8","29.98","62.5"
"2015-08-31","12:00","61.9","62.4","62.8","57.7","84.6","0.00","4.4","10.7","E","0.41","103","67.7","29.97","62.3"
"2015-08-31","13:00","63.4","63.7","64.0","57.0","78.8","0.00","4.3","12.1","E","0.00","127","67.7","29.96","63.6"
"2015-08-31","14:00","63.9","64.0","64.3","57.2","78.3","0.00","4.1","11.7","E","0.01","82","67.7","29.95","64.0"
"2015-08-31","15:00","64.4","65.1","65.6","57.3","75.7","0.00","4.1","9.6","E","0.00","123","67.7","29.93","65.1"
"2015-08-31","16:00","65.0","65.2","65.4","57.4","75.9","0.00","3.6","10.3","NE","0.00","67","67.7","29.91","65.1"
"2015-08-31","17:00","64.6","64.8","65.2","57.5","77.1","0.00","4.2","11.7","E","0.00","38","67.7","29.91","64.7"
"2015-08-31","18:00","64.4","64.5","64.6","57.6","78.2","0.00","3.1","9.9","E","0.00","33","67.7","29.90","64.4"
"2015-08-31","19:00","63.6","64.3","64.8","58.3","80.6","0.00","3.6","8.9","E","0.00","36","67.7","29.89","64.2"
"2015-08-31","20:00","63.2","63.3","63.4","56.6","78.5","0.00","4.3","10.3","E","0.00","0","67.7","29.89","63.2"
"2015-08-31","21:00","62.9","63.1","63.5","57.0","80.4","0.00","3.9","9.2","E","0.00","0","67.6","29.90","63.0"
"2015-08-31","22:00","63.4","63.6","63.8","56.3","77.1","0.00","3.7","8.9","E","0.00","0","67.5","29.91","63.5"
"2015-08-31","23:00","63.8","63.8","63.9","55.7","74.7","0.00","3.9","9.6","E","0.00","0","67.4","29.90","63.7"
"2015-08-31","24:00","63.9","63.9","63.9","55.5","74.0","0.00","3.9","11.0","E","0.00","0","67.3","29.89","63.8"
"2015-09-01","01:00","63.9","63.9","64.0","55.3","73.5","0.00","4.1","8.9","E","0.00","0","67.3","29.89","63.8"
"2015-09-01","02:00","63.7","63.9","63.9","55.4","74.0","0.00","4.0","9.9","E","0.00","0","67.2","29.88","63.8"
"2015-09-01","03:00","63.2","63.5","63.7","55.7","75.6","0.00","4.5","11.0","E","0.00","0","67.1","29.87","63.4"
"2015-09-01","04:00","62.3","62.6","62.9","55.7","78.1","0.00","3.4","9.2","E","0.01","0","67.0","29.87","62.5"
"2015-09-01","05:00","61.2","61.4","61.6","57.0","85.4","0.00","2.6","9.6","E","0.38","0","66.9","29.87","61.2"
"2015-09-01","06:00","61.8","62.3","62.7","56.4","80.9","0.00","2.9","9.6","E","0.17","4","66.8","29.86","62.1"
"2015-09-01","07:00","61.7","61.9","62.2","56.8","83.5","0.00","2.4","7.8","E","0.00","43","66.7","29.86","61.8"
"2015-09-01","08:00","60.2","61.3","62.2","57.9","88.8","0.03","2.8","9.9","E","0.36","71","66.6","29.86","61.2"
"2015-09-01","09:00","60.0","60.3","60.6","59.2","96.0","0.03","1.6","6.4","E","0.75","102","66.6","29.86","60.2"
"2015-09-01","10:00","60.5","61.0","62.0","59.2","93.6","0.01","3.4","8.9","E","0.71","174","66.6","29.85","60.9"
"2015-09-01","11:00","62.9","63.6","64.5","59.2","85.7","0.00","4.1","12.4","E","0.05","313","66.6","29.84","63.5"
"2015-09-01","12:00","64.6","64.8","65.1","58.7","80.7","0.00","3.9","10.7","E","0.00","292","66.7","29.83","64.7"
"2015-09-01","13:00","64.5","65.1","65.7","59.3","81.2","0.00","4.4","11.4","E","0.00","361","66.8","29.82","65.1"
"2015-09-01","14:00","62.3","63.5","64.5","57.3","80.4","0.02","4.3","10.3","E","0.10","212","67.0","29.81","63.4"
"2015-09-01","15:00","60.8","61.0","61.4","58.6","91.6","0.01","3.6","10.7","E","0.68","144","67.2","29.82","60.9"
"2015-09-01","16:00","62.3","63.0","63.4","58.1","83.9","0.00","3.9","9.9","E","0.14","253","67.4","29.79","63.0"
"2015-09-01","17:00","62.2","62.6","62.8","57.1","82.3","0.00","3.7","8.9","E","0.00","61","67.5","29.79","62.5"
"2015-09-01","18:00","61.2","61.5","61.7","58.2","88.8","0.00","4.1","9.2","E","0.09","23","67.6","29.78","61.4"
"2015-09-01","19:00","60.7","60.8","61.0","58.6","92.2","0.00","4.0","10.7","E","0.23","17","67.7","29.77","60.8"
"2015-09-01","20:00","60.8","60.9","60.9","57.8","89.4","0.00","4.8","11.7","E","0.00","0","67.6","29.78","60.8"
"2015-09-01","21:00","60.3","60.5","60.8","55.9","84.7","0.00","4.3","11.7","E","0.00","0","67.6","29.79","60.4"
"2015-09-01","22:00","59.8","59.9","60.1","55.2","84.4","0.00","3.1","9.6","E","0.00","0","67.5","29.79","59.8"
"2015-09-01","23:00","60.0","60.0","60.0","55.7","85.6","0.00","3.7","8.9","E","0.00","0","67.3","29.79","59.9"